159.233	450.315	40.1507
121.9	12.6	8.5
154.438	97.25	95.1875
119	220	105
53.1667	156.333	106
122.167	355.667	140.167
90	427	99
159.959	302.26	39.4795
72	294.6	100.8
11.75	133	94.4
s
160	453	36
160	453	36
160	453	36
175	425	39
160	453	37
160	453	37
161	453	36
161	453	36
175	425	39
160	453	38
161	453	37
161	453	37
162	453	36
160	453	39
160	453	39
161	453	38
161	453	38
160	453	40
161	453	39
161	453	39
160	453	41
161	453	40
162	453	40
176	433	39
178	433	39
161	453	41
162	453	41
175	433	40
177	433	40
161	453	42
176	433	41
178	433	39
175	433	42
176	433	42
178	433	39
175	433	43
176	433	42
178	433	40
175	433	44
179	433	40
175	433	45
184	425	39
184	425	40
184	433	40
184	433	41
184	433	42
149	433	84
149	433	85
149	433	86
184	413	144
174	453	134
174	457	133
174	453	135
174	457	134
174	457	135
150	421	174
150	421	174
151	421	173
151	421	175
152	421	174
149	433	185
149	433	185
179	421	171
149	433	188
154	417	237
154	417	237
154	417	237
154	417	238
158	369	42
162	369	41
159	369	44
175	357	112
176	361	112
176	369	113
176	369	113
176	373	113
178	381	115
178	385	115
178	385	115
180	353	136
180	353	136
174	353	163
174	357	163
183	393	141
183	393	141
183	393	141
175	373	165
184	409	143
177	397	168
178	409	169
178	409	169
129	345	115
129	357	117
129	357	117
130	369	118
130	369	117
130	369	117
130	373	118
130	373	118
130	377	119
131	385	120
131	385	120
131	385	120
131	393	120
131	393	120
132	393	120
132	393	121
132	397	121
132	397	121
132	397	122
149	329	30
154	329	37
154	329	37
155	329	37
155	329	38
156	333	37
157	333	39
163	329	37
158	333	39
162	329	39
158	337	37
159	337	37
165	329	37
158	333	41
159	333	40
159	337	38
165	329	37
162	333	37
158	333	42
158	333	40
159	337	38
165	329	38
162	333	37
165	329	37
158	333	42
158	333	41
160	333	39
165	329	38
164	333	38
163	333	37
158	333	43
158	333	41
158	337	40
162	333	40
162	333	39
167	329	38
162	333	38
160	337	37
169	329	37
159	333	43
159	333	42
158	337	41
161	333	39
161	337	38
169	329	37
159	333	44
159	333	43
158	337	42
158	337	41
162	333	40
167	329	40
160	337	39
167	329	38
169	329	38
164	337	37
159	329	45
159	333	43
158	337	42
160	333	41
161	333	41
167	329	40
160	337	39
167	329	39
164	337	38
164	337	37
163	329	44
158	337	43
160	333	42
161	333	41
166	329	41
160	337	40
167	329	40
164	337	38
164	337	38
161	333	43
161	333	42
167	329	42
160	337	41
165	333	40
164	337	39
164	337	38
168	333	38
160	333	45
161	333	44
163	333	42
161	337	42
165	333	41
164	337	39
168	333	39
164	337	37
168	337	37
164	329	46
161	337	43
162	333	42
165	333	42
168	329	41
164	337	40
170	329	39
165	337	38
168	337	37
165	341	37
160	333	47
160	337	44
163	333	43
165	333	43
165	337	41
168	333	40
164	337	39
168	337	38
164	341	37
160	337	45
163	333	44
166	333	44
167	333	42
165	337	42
164	341	40
168	337	39
167	337	38
172	333	38
169	337	37
163	333	45
165	333	44
167	333	43
164	337	42
164	341	41
164	341	40
169	337	40
167	337	38
169	337	38
162	337	45
167	333	44
165	337	43
164	341	41
168	337	40
170	337	39
169	337	38
162	337	46
167	333	44
170	329	44
171	329	43
164	341	41
168	337	41
168	337	40
167	341	40
162	337	47
167	333	45
170	329	45
171	329	44
164	341	42
168	337	42
171	333	41
166	341	40
171	337	38
170	341	37
163	333	48
167	333	46
170	329	45
164	341	43
168	337	42
171	333	42
166	341	41
169	337	40
172	337	38
163	333	48
167	333	46
170	329	46
164	341	43
168	337	43
170	333	42
167	341	41
169	337	41
170	341	39
171	337	38
171	341	37
163	333	49
167	333	47
164	341	44
168	337	44
171	333	43
166	341	42
169	337	42
169	341	40
171	341	38
174	337	37
163	333	50
167	333	48
164	341	45
168	337	44
174	329	44
166	341	43
169	341	41
169	341	40
171	341	38
174	337	38
163	333	51
167	333	49
164	341	46
168	337	45
167	341	44
169	337	43
169	341	42
169	341	42
169	341	41
171	341	39
164	333	51
166	337	47
169	333	46
167	341	44
169	337	44
169	341	43
169	341	43
174	337	41
171	341	40
166	337	47
170	333	47
169	337	45
174	337	42
165	337	48
170	337	45
174	341	40
170	333	49
170	337	46
170	333	50
170	337	47
174	337	45
171	341	43
170	337	47
171	341	44
171	341	45
171	341	46
173	333	109
172	329	161
128	337	114
128	337	114
128	341	115
148	433	58
148	437	58
148	437	58
149	437	58
149	437	58
147	433	57
148	437	57
148	433	57
148	437	57
149	437	57
149	437	57
147	433	56
147	433	56
147	437	56
148	437	56
149	437	56
149	437	56
149	437	56
149	437	56
147	437	55
147	437	55
148	437	55
148	437	55
149	437	55
149	437	55
149	437	55
146	433	54
147	437	54
147	437	54
147	437	54
148	437	54
148	437	54
148	437	54
149	437	54
149	437	54
146	437	53
146	437	53
146	437	53
147	437	53
149	437	53
149	437	53
146	437	52
146	437	52
149	437	52
145	433	51
145	437	51
145	437	51
146	437	51
146	437	51
149	437	51
149	437	51
144	437	50
144	433	50
145	437	50
145	437	50
146	437	50
146	437	50
149	437	50
144	437	49
145	437	49
147	433	49
146	433	49
144	437	48
144	437	48
144	437	48
149	425	48
144	437	48
149	425	48
144	437	47
144	437	47
144	437	47
149	425	47
144	437	47
149	425	47
143	437	46
143	437	46
144	437	46
149	425	46
144	437	46
149	425	46
143	437	45
143	437	45
143	437	45
149	425	45
142	437	44
143	437	44
143	437	44
144	437	44
144	437	44
145	437	44
145	437	44
145	437	44
146	437	44
145	437	44
146	437	44
146	437	44
147	437	44
148	437	44
148	437	44
149	437	44
149	437	44
149	437	44
149	441	44
142	437	43
142	437	43
143	437	43
149	425	43
143	437	43
144	437	43
146	437	43
148	437	43
130	441	43
136	437	43
141	437	42
142	437	42
142	437	42
142	437	42
144	433	42
130	437	42
136	437	42
136	437	42
141	437	41
142	437	41
142	437	41
143	433	41
143	437	41
144	433	41
149	441	41
149	441	41
130	441	41
130	441	41
135	441	41
138	437	40
138	437	40
140	437	40
141	437	40
141	437	40
143	433	40
143	437	40
144	433	40
149	441	40
149	441	40
132	425	40
133	433	40
130	441	40
130	441	40
130	441	40
136	437	40
136	437	40
136	437	40
135	441	40
137	437	39
140	437	39
141	437	39
141	437	39
142	437	39
142	437	39
144	437	39
149	441	39
149	441	39
126	433	39
132	425	39
133	433	39
133	433	39
130	441	39
136	437	39
130	449	39
135	441	39
138	437	38
143	433	38
140	437	38
140	437	38
140	437	38
141	437	38
141	437	38
143	437	38
143	437	38
147	441	38
148	441	38
148	441	38
148	441	38
125	433	38
133	425	38
129	437	38
133	433	38
130	441	38
130	441	38
130	441	38
137	437	38
142	425	37
138	437	37
138	437	37
139	437	37
140	437	37
140	437	37
148	425	37
140	437	37
141	437	37
148	425	37
149	425	37
143	437	37
143	437	37
147	441	37
148	441	37
148	441	37
125	433	37
132	425	37
129	437	37
129	437	37
133	433	37
130	441	37
132	441	37
130	449	37
137	441	37
137	441	37
134	449	37
134	449	37
138	437	36
139	437	36
139	437	36
139	437	36
139	437	36
141	437	36
140	437	36
146	425	36
148	425	36
147	425	36
143	437	36
143	437	36
143	437	36
147	441	36
147	441	36
129	433	36
131	433	36
129	437	36
133	433	36
129	441	36
130	437	36
132	441	36
136	437	36
130	449	36
137	441	36
134	449	36
134	449	36
139	437	35
139	437	35
139	437	35
139	437	35
147	425	35
140	437	35
147	425	35
143	437	35
143	437	35
146	441	35
146	441	35
127	433	35
125	433	35
129	433	35
129	437	35
133	433	35
127	441	35
128	441	35
130	437	35
130	441	35
130	449	35
136	437	35
131	441	35
137	441	35
137	441	35
134	449	35
134	449	35
138	437	34
138	437	34
139	437	34
139	437	34
148	425	34
143	437	34
143	437	34
143	437	34
143	437	34
145	441	34
145	441	34
145	441	34
146	441	34
125	433	34
125	433	34
130	433	34
129	437	34
128	437	34
131	437	34
134	433	34
128	441	34
131	437	34
135	437	34
131	441	34
130	449	34
137	437	34
136	441	34
134	449	34
134	449	34
147	401	40
147	401	40
143	421	39
146	401	39
142	421	38
143	421	38
143	421	38
143	421	38
146	401	38
142	421	37
144	421	37
143	401	37
144	401	37
146	401	37
147	401	37
133	401	37
142	421	36
147	401	36
147	401	36
149	401	36
142	417	35
144	421	35
126	421	35
126	421	35
126	421	35
143	401	35
143	401	35
147	401	35
147	401	35
149	401	35
149	401	35
149	401	35
133	401	35
133	401	35
142	421	34
143	421	34
126	421	34
126	421	34
126	421	34
126	421	34
126	421	34
147	401	34
147	401	34
149	401	34
149	401	34
148	401	34
133	401	34
139	393	43
139	393	42
147	393	42
147	393	42
149	393	42
139	393	41
145	393	41
145	393	41
147	393	41
139	393	40
139	393	40
144	393	40
145	393	40
146	393	40
147	393	40
137	393	40
139	393	39
145	393	39
148	393	39
147	393	39
133	397	39
137	393	39
137	393	39
139	393	38
140	393	38
138	397	38
143	393	38
142	397	38
145	393	38
148	385	38
147	393	38
147	393	38
149	397	38
149	397	38
133	397	38
137	393	37
141	385	37
140	393	37
140	393	37
142	393	37
138	397	37
145	393	37
144	393	37
142	397	37
145	393	37
145	393	37
147	393	37
147	393	37
147	393	37
149	393	37
148	397	37
130	397	37
133	397	37
134	397	37
137	393	37
134	397	37
137	393	36
141	393	36
140	393	36
141	397	36
145	393	36
145	393	36
144	397	36
148	393	36
149	397	36
130	397	36
130	397	36
133	397	36
133	397	36
137	397	36
137	397	36
137	393	35
138	393	35
142	393	35
140	393	35
142	397	35
142	393	35
143	397	35
147	393	35
149	397	35
130	397	35
133	397	35
134	397	35
137	397	35
137	393	34
142	385	34
142	393	34
140	393	34
140	393	34
142	397	34
145	393	34
141	397	34
144	397	34
144	397	34
147	393	34
149	393	34
128	393	34
130	397	34
130	397	34
133	397	34
134	397	34
137	393	34
137	397	34
137	397	34
137	397	34
137	393	33
137	397	33
141	393	33
143	385	33
141	393	33
140	393	33
144	393	33
141	397	33
146	393	33
146	393	33
145	397	33
148	393	33
149	393	33
127	393	33
126	397	33
126	397	33
130	397	33
134	397	33
134	397	33
133	397	33
137	397	33
152	397	44
152	397	43
152	397	43
150	393	42
152	397	42
169	377	42
159	421	60
159	421	60
159	421	59
160	421	59
161	421	59
159	421	58
159	421	58
160	421	58
160	421	58
161	421	58
159	421	57
159	421	57
160	421	57
160	421	57
160	421	57
161	421	57
159	421	56
160	421	56
160	421	56
160	421	56
156	421	55
159	421	55
159	421	55
160	421	55
160	421	55
154	421	54
155	421	54
156	421	54
158	421	54
158	421	54
160	421	54
160	421	54
154	421	53
154	421	53
155	421	53
158	421	53
155	421	53
158	421	53
160	421	53
160	421	53
160	421	53
161	421	53
154	421	52
155	421	52
158	417	52
161	421	52
154	421	51
156	421	51
154	421	51
155	421	51
158	417	51
155	421	51
158	417	51
161	421	51
162	421	51
162	421	51
163	421	51
153	421	50
153	421	50
157	417	50
158	417	50
158	417	50
162	421	50
163	421	50
153	421	49
157	417	49
157	417	49
158	417	49
162	421	49
163	421	49
163	421	49
163	421	49
153	421	48
157	417	48
158	417	48
163	421	48
164	421	48
157	417	47
153	421	47
157	417	47
158	417	47
158	417	47
152	421	46
157	417	46
152	421	46
157	417	46
158	417	46
158	417	46
166	421	46
166	421	46
152	421	45
151	421	44
157	417	44
157	417	44
158	417	44
159	417	44
157	421	44
158	421	44
159	421	44
160	421	44
166	421	44
166	421	44
156	417	43
157	417	43
167	421	43
167	421	43
157	417	42
157	417	42
158	417	42
165	421	42
165	421	42
167	421	42
168	421	42
157	417	41
158	417	41
158	417	41
158	417	41
165	421	41
168	421	41
169	421	41
150	421	40
158	417	40
164	421	40
164	421	40
165	421	40
165	421	40
168	421	40
169	421	40
169	421	40
154	413	39
151	421	39
150	421	39
157	413	39
158	417	39
159	417	39
159	417	39
155	421	39
164	421	39
164	421	39
164	421	39
169	421	39
170	421	39
155	401	39
151	421	38
151	421	38
153	421	38
159	417	38
159	417	38
159	417	38
155	421	38
164	417	38
164	421	38
164	421	38
170	421	38
155	401	38
155	401	38
154	409	38
150	421	37
159	417	37
160	417	37
164	417	37
164	417	37
164	421	37
164	421	37
150	401	37
150	401	37
155	409	37
152	413	36
151	413	36
152	417	36
155	417	36
156	421	36
160	417	36
160	417	36
155	421	36
164	417	36
171	421	36
150	401	36
153	401	36
153	433	60
152	433	60
151	437	60
152	437	60
157	437	60
158	437	60
157	441	60
157	441	60
158	441	60
158	441	60
159	441	60
159	441	60
160	441	60
160	441	60
164	437	60
168	433	60
169	433	60
150	437	59
151	437	59
151	437	59
154	437	59
154	437	59
157	441	59
157	441	59
158	441	59
158	441	59
159	441	59
159	441	59
160	441	59
160	441	59
163	441	59
168	433	59
169	433	59
152	433	58
150	437	58
153	433	58
151	437	58
155	433	58
151	437	58
152	437	58
155	433	58
161	425	58
153	437	58
157	433	58
159	433	58
154	437	58
158	433	58
154	437	58
159	433	58
159	433	58
155	437	58
159	433	58
160	433	58
155	441	58
159	437	58
162	433	58
162	433	58
156	441	58
159	437	58
159	437	58
157	441	58
158	441	58
158	441	58
159	441	58
159	441	58
160	441	58
160	441	58
161	441	58
169	433	58
151	433	57
153	433	57
154	433	57
154	433	57
155	433	57
159	433	57
161	433	57
157	441	57
158	441	57
158	441	57
159	441	57
159	441	57
159	441	57
160	441	57
169	433	57
169	433	57
170	433	57
157	441	56
158	441	56
158	441	56
159	441	56
159	441	56
159	441	56
160	441	56
160	449	56
163	441	56
170	433	56
151	433	55
158	441	55
158	441	55
168	425	55
158	441	55
159	441	55
169	425	55
159	441	55
160	441	55
160	449	55
160	449	55
161	449	55
168	433	55
169	433	55
150	433	54
151	437	54
157	441	54
158	441	54
158	441	54
168	425	54
169	425	54
159	441	54
169	425	54
159	441	54
160	441	54
160	449	54
161	449	54
164	441	54
169	433	54
171	433	54
150	437	53
157	441	53
168	425	53
158	441	53
168	425	53
160	449	53
160	449	53
162	441	53
169	437	53
171	433	53
150	437	52
151	437	52
168	425	52
157	441	52
168	425	52
160	449	52
160	449	52
160	449	52
161	449	52
170	433	52
172	433	52
150	437	51
156	441	51
156	441	51
156	441	51
168	425	51
157	441	51
168	425	51
160	449	51
160	449	51
164	441	51
169	437	51
172	433	51
150	437	50
150	437	50
150	437	50
151	437	50
155	441	50
155	441	50
167	425	50
156	441	50
168	425	50
168	425	50
159	449	50
160	449	50
161	449	50
162	449	50
166	441	50
171	433	50
173	433	50
150	437	49
150	437	49
151	437	49
151	437	49
155	441	49
155	441	49
156	441	49
167	425	49
168	425	49
160	449	49
160	449	49
160	449	49
163	441	49
169	437	49
173	433	49
150	437	48
150	437	48
151	441	48
154	441	48
154	441	48
167	425	48
167	425	48
160	449	48
161	449	48
165	441	48
170	437	48
174	433	48
174	433	48
152	425	47
150	441	47
151	441	47
151	441	47
154	441	47
154	441	47
167	425	47
160	449	47
160	449	47
160	449	47
160	449	47
161	449	47
167	441	47
151	437	46
151	441	46
151	441	46
151	441	46
152	441	46
152	441	46
152	441	46
153	441	46
153	441	46
153	441	46
154	441	46
167	425	46
167	425	46
160	449	46
161	449	46
162	449	46
168	441	46
168	437	46
174	433	46
150	441	45
150	441	45
151	441	45
151	441	45
151	441	45
152	441	45
152	441	45
152	441	45
153	441	45
153	441	45
154	441	45
154	441	45
158	449	45
160	449	45
160	449	45
160	449	45
161	449	45
171	437	45
150	425	44
150	425	44
150	425	44
150	433	44
156	425	44
150	433	44
150	441	44
150	441	44
150	441	44
150	441	44
151	441	44
152	441	44
152	441	44
153	441	44
153	441	44
153	441	44
155	441	44
166	425	44
154	441	44
158	437	44
166	425	44
154	441	44
157	441	44
166	425	44
155	441	44
158	441	44
166	425	44
155	449	44
159	441	44
167	425	44
156	449	44
159	441	44
167	433	44
169	425	44
157	449	44
158	449	44
162	441	44
168	433	44
158	449	44
163	441	44
168	433	44
159	449	44
164	441	44
166	437	44
173	425	44
159	449	44
161	449	44
166	437	44
160	449	44
161	449	44
160	449	44
161	449	44
161	449	44
161	449	44
168	441	44
163	449	44
168	441	44
174	433	44
151	425	43
151	433	43
152	433	43
150	437	43
150	441	43
151	441	43
151	441	43
151	441	43
152	441	43
152	441	43
153	441	43
166	425	43
167	425	43
168	425	43
169	425	43
169	425	43
169	425	43
172	425	43
160	449	43
160	449	43
161	449	43
161	449	43
163	449	43
170	437	43
150	425	42
151	425	42
150	441	42
150	441	42
150	441	42
150	441	42
151	441	42
151	441	42
152	441	42
152	441	42
152	441	42
152	441	42
153	441	42
160	449	42
160	449	42
165	449	42
168	441	42
150	441	41
150	441	41
151	441	41
151	441	41
152	441	41
153	441	41
153	441	41
153	441	41
154	441	41
154	441	41
160	449	41
160	449	41
160	449	41
169	441	41
172	437	41
150	441	40
153	441	40
153	441	40
154	441	40
155	441	40
159	449	40
159	449	40
171	437	40
153	441	39
153	449	39
154	449	39
154	449	39
170	425	39
154	449	38
154	449	38
170	425	38
170	425	38
158	449	38
158	449	38
163	449	38
172	437	38
150	425	37
151	425	37
153	449	37
154	449	37
154	449	37
154	449	37
171	425	37
171	425	37
173	425	37
166	449	37
174	437	37
150	425	36
154	425	36
154	449	36
154	449	36
154	449	36
155	449	36
171	425	36
171	425	36
157	449	36
174	425	36
173	425	36
174	425	36
169	441	36
123	433	38
123	433	37
123	433	37
122	433	35
123	433	35
122	433	34
123	433	34
123	433	34
123	433	33
123	433	32
157	421	85
158	421	85
158	421	85
157	421	84
158	421	84
158	421	84
158	421	83
158	421	83
159	421	83
157	421	82
158	421	82
158	421	82
157	421	81
158	421	81
158	421	81
159	421	81
157	421	80
157	421	80
158	421	80
159	421	80
159	421	80
159	421	80
158	421	79
158	421	79
159	421	79
158	421	78
158	421	78
158	421	76
158	421	75
158	421	75
158	421	74
157	421	72
158	421	72
158	421	72
159	421	71
157	421	70
158	421	70
159	421	70
158	421	69
158	421	69
159	421	69
158	421	68
158	421	68
158	421	68
156	421	67
158	421	67
158	421	67
159	421	67
159	421	67
159	421	67
156	421	66
158	421	66
158	421	66
158	421	66
159	421	66
159	421	66
158	421	65
158	421	65
159	421	65
159	421	65
159	421	65
157	421	64
158	421	64
159	421	64
159	421	64
160	421	64
160	421	64
157	421	63
158	421	63
158	421	63
159	421	63
160	421	63
157	421	62
157	421	62
158	421	62
159	421	62
160	421	61
150	437	85
150	437	85
153	437	85
153	437	85
153	437	85
154	437	85
154	437	85
164	425	85
159	441	85
159	441	85
159	441	85
164	437	85
167	433	85
160	441	85
168	433	85
150	437	84
153	433	84
151	437	84
161	425	84
162	425	84
154	437	84
162	425	84
154	437	84
162	425	84
155	437	84
155	437	84
160	437	84
159	441	84
160	441	84
161	441	84
164	437	84
167	433	84
161	441	84
168	433	84
150	433	83
150	437	83
161	425	83
161	425	83
155	437	83
155	437	83
156	437	83
159	433	83
156	437	83
157	437	83
157	437	83
158	437	83
159	441	83
167	433	83
159	441	83
166	433	83
160	441	83
165	433	83
167	433	83
168	433	83
150	433	82
150	437	82
158	425	82
159	425	82
160	425	82
160	425	82
157	441	82
158	441	82
158	441	82
159	441	82
167	433	82
159	441	82
167	433	82
160	441	82
167	433	82
150	433	81
150	437	81
159	425	81
158	441	81
158	441	81
167	433	81
159	441	81
159	441	81
167	433	81
168	433	81
159	441	81
160	441	81
168	433	81
168	433	81
160	441	81
168	433	81
150	437	80
150	437	80
159	425	80
158	441	80
158	441	80
159	441	80
167	433	80
159	441	80
159	441	80
160	441	80
168	433	80
150	437	79
160	425	79
160	425	79
158	441	79
158	441	79
158	441	79
159	441	79
165	433	79
159	441	79
166	437	79
160	441	79
166	433	79
168	433	79
150	437	78
161	425	78
162	425	78
163	425	78
156	437	78
156	437	78
157	441	78
157	441	78
159	441	78
159	441	78
159	441	78
168	433	78
159	441	78
160	441	78
167	433	78
168	433	78
160	441	78
168	433	78
154	425	77
150	437	77
162	425	77
156	437	77
163	425	77
163	425	77
155	437	77
164	425	77
159	441	77
168	433	77
160	441	77
164	437	77
168	433	77
160	441	77
164	437	77
168	433	77
154	425	76
150	437	76
154	437	76
155	437	76
164	425	76
164	425	76
165	425	76
165	425	76
159	441	76
168	433	76
159	441	76
160	441	76
166	433	76
168	433	76
159	441	76
160	441	76
163	437	76
168	433	76
160	441	76
168	433	76
150	433	75
153	433	75
152	437	75
152	437	75
153	437	75
154	437	75
165	425	75
159	441	75
168	433	75
159	441	75
168	433	75
160	441	75
168	433	75
150	433	74
153	433	74
159	441	74
168	433	74
160	441	74
168	433	74
160	441	74
168	433	74
150	437	73
150	437	73
159	441	73
167	433	73
160	441	73
168	433	73
160	441	73
169	433	73
150	437	72
150	437	72
153	433	72
159	441	72
160	441	72
160	441	72
169	433	72
169	433	72
160	441	72
169	433	72
154	425	71
156	425	71
150	437	71
151	437	71
153	433	71
152	437	71
153	437	71
165	425	71
165	425	71
166	425	71
159	441	71
159	441	71
160	441	71
164	437	71
169	433	71
169	433	71
154	425	70
152	437	70
152	437	70
153	437	70
154	437	70
164	425	70
159	441	70
160	441	70
161	441	70
164	437	70
169	433	70
169	433	70
154	425	69
161	425	69
154	437	69
154	437	69
163	425	69
154	437	69
156	441	69
159	441	69
166	433	69
160	441	69
161	441	69
165	437	69
168	433	69
169	433	69
160	425	68
160	425	68
161	425	68
162	425	68
163	425	68
155	437	68
156	441	68
159	437	68
156	441	68
158	441	68
159	441	68
160	441	68
168	433	68
160	441	68
160	441	68
168	433	68
169	433	68
157	441	67
158	441	67
158	441	67
159	441	67
159	441	67
160	441	67
168	433	67
169	433	67
160	441	67
168	433	67
169	433	67
158	441	66
159	441	66
159	441	66
168	433	66
160	441	66
168	433	66
169	433	66
160	441	66
169	433	66
159	441	65
159	441	65
159	441	65
160	441	65
168	433	65
160	441	65
169	433	65
157	441	64
157	441	64
158	441	64
159	441	64
159	441	64
160	441	64
160	441	64
160	441	64
169	433	64
152	433	63
161	425	63
156	441	63
156	441	63
160	441	63
160	441	63
163	441	63
166	437	63
169	433	63
151	433	62
151	433	62
162	425	62
154	437	62
156	437	62
163	425	62
163	425	62
154	437	62
155	437	62
159	441	62
160	441	62
161	441	62
165	437	62
169	433	62
150	433	61
161	425	61
153	437	61
162	425	61
153	437	61
162	425	61
156	437	61
164	425	61
155	437	61
156	437	61
156	441	61
158	441	61
159	441	61
159	441	61
160	441	61
161	441	61
164	437	61
169	433	61
169	433	61
149	433	83
149	433	82
149	433	81
149	433	80
149	433	79
149	433	78
149	433	77
149	433	77
149	433	77
149	433	76
149	433	76
149	433	75
149	433	75
149	433	74
149	433	74
149	433	73
149	433	72
149	437	72
149	433	71
149	437	71
149	433	70
149	437	70
149	433	69
149	437	69
149	433	68
149	437	68
148	433	67
149	433	67
149	437	67
148	433	66
149	433	66
149	433	66
149	437	66
149	437	66
149	437	65
149	437	65
149	433	64
149	437	64
148	433	63
149	437	63
149	437	63
148	433	62
148	433	62
149	437	62
148	433	61
149	437	61
148	433	60
148	433	60
149	437	60
149	437	60
149	437	60
148	433	59
149	437	59
149	437	59
149	437	59
149	437	59
151	433	110
157	425	110
151	433	110
151	433	110
158	425	110
158	425	110
159	425	110
157	437	110
158	441	110
165	433	110
159	441	110
165	433	110
160	437	110
151	433	109
157	425	109
151	433	109
158	425	109
160	425	109
160	425	109
156	437	109
157	437	109
157	437	109
158	437	109
159	441	109
159	441	109
165	433	109
150	433	108
156	425	108
151	433	108
151	433	108
160	425	108
161	425	108
155	437	108
156	437	108
156	437	108
158	437	108
165	433	108
159	441	108
164	433	108
165	433	108
150	433	107
154	433	107
158	425	107
151	433	107
153	433	107
158	425	107
152	433	107
155	433	107
158	425	107
154	437	107
155	437	107
161	425	107
157	437	107
162	425	107
156	437	107
165	433	107
158	437	107
165	433	107
159	441	107
159	441	107
163	433	107
165	433	107
151	433	106
157	425	106
158	425	106
151	433	106
159	425	106
154	437	106
162	425	106
162	433	106
159	441	106
165	433	106
158	437	106
159	441	106
165	433	106
159	441	106
160	441	106
162	437	106
150	433	105
151	433	105
157	425	105
158	425	105
151	433	105
153	433	105
153	437	105
153	437	105
154	437	105
162	425	105
165	433	105
159	441	105
165	433	105
159	441	105
165	433	105
160	437	105
151	433	104
158	425	104
152	433	104
165	433	104
159	441	104
166	433	104
159	441	104
160	437	104
166	433	104
160	437	104
150	433	103
151	433	103
152	433	103
152	437	103
159	441	103
164	433	103
165	433	103
159	441	103
159	441	103
166	433	103
159	441	103
161	437	103
156	425	102
157	425	102
150	433	102
157	425	102
158	425	102
152	437	102
153	433	102
155	433	102
159	441	102
165	433	102
159	441	102
166	433	102
150	433	101
156	425	101
151	433	101
158	425	101
151	433	101
152	437	101
153	433	101
154	437	101
159	441	101
162	437	101
165	433	101
159	441	101
162	437	101
166	433	101
157	425	100
151	433	100
158	425	100
158	425	100
151	437	100
154	433	100
154	437	100
163	425	100
159	441	100
163	437	100
164	433	100
166	433	100
159	441	100
166	433	100
157	425	99
150	433	99
151	433	99
153	433	99
158	425	99
154	437	99
155	437	99
156	437	99
160	437	99
158	437	99
163	437	99
159	441	99
159	441	99
163	437	99
164	433	99
166	433	99
159	441	99
150	433	98
150	433	98
151	433	98
158	425	98
159	425	98
161	425	98
161	425	98
155	437	98
156	437	98
158	437	98
157	437	98
158	437	98
159	437	98
165	433	98
159	441	98
165	433	98
159	441	98
159	441	98
165	433	98
166	433	98
150	433	97
157	425	97
151	433	97
158	425	97
159	425	97
160	425	97
160	425	97
158	441	97
165	433	97
159	441	97
166	433	97
160	441	97
166	433	97
150	433	96
150	433	96
151	433	96
159	425	96
151	437	96
159	425	96
159	425	96
158	437	96
158	441	96
159	441	96
166	433	96
159	441	96
166	433	96
160	441	96
166	433	96
157	425	95
150	433	95
151	437	95
158	425	95
159	425	95
159	425	95
159	425	95
158	441	95
158	441	95
159	441	95
166	433	95
159	441	95
166	433	95
160	441	95
167	433	95
156	425	94
150	433	94
150	433	94
151	433	94
151	437	94
158	425	94
159	425	94
157	437	94
158	441	94
158	441	94
159	441	94
166	433	94
160	441	94
167	433	94
150	433	93
156	425	93
150	433	93
150	433	93
151	437	93
158	425	93
160	425	93
160	425	93
161	425	93
161	425	93
156	437	93
157	437	93
159	441	93
159	441	93
164	433	93
167	433	93
160	441	93
150	433	92
154	425	92
150	433	92
153	433	92
158	425	92
152	433	92
155	437	92
161	425	92
154	437	92
162	425	92
155	437	92
162	425	92
163	425	92
155	437	92
166	433	92
159	441	92
159	441	92
165	433	92
167	433	92
150	433	91
154	425	91
151	433	91
159	425	91
162	425	91
163	425	91
164	425	91
166	433	91
159	441	91
160	441	91
163	437	91
167	433	91
150	433	90
150	433	90
150	433	90
150	433	90
151	433	90
154	433	90
151	437	90
159	425	90
153	433	90
153	437	90
153	437	90
154	437	90
154	437	90
159	441	90
159	441	90
160	441	90
167	433	90
150	433	89
150	433	89
151	433	89
154	433	89
152	437	89
153	437	89
159	441	89
165	433	89
159	441	89
167	433	89
167	433	89
161	441	89
150	433	88
150	437	88
150	433	88
151	437	88
151	437	88
152	433	88
151	437	88
160	437	88
159	441	88
167	433	88
160	441	88
161	441	88
150	433	87
156	425	87
150	433	87
150	437	87
156	425	87
151	437	87
153	433	87
153	433	87
155	433	87
159	441	87
159	441	87
164	437	87
167	433	87
160	441	87
167	433	87
150	433	86
155	425	86
150	437	86
151	437	86
152	437	86
153	433	86
155	433	86
163	425	86
164	425	86
159	441	86
164	437	86
167	433	86
160	441	86
167	433	86
158	421	98
158	421	97
157	421	96
158	421	95
157	421	94
158	421	94
158	421	93
158	421	93
157	421	92
158	421	91
157	421	90
158	421	90
157	421	89
158	421	89
157	421	87
158	421	87
156	421	86
158	421	86
158	421	86
159	421	86
175	441	138
175	441	138
176	441	137
177	441	137
177	441	136
177	441	136
177	441	135
178	441	135
178	441	134
178	441	133
179	441	133
178	441	132
179	441	131
179	441	131
179	441	130
180	441	130
175	449	125
175	449	125
176	449	125
177	449	125
181	441	125
178	449	125
178	449	125
175	441	124
175	441	124
175	441	124
176	441	124
176	449	124
176	449	124
177	449	124
176	449	124
178	449	124
176	449	124
178	449	124
178	449	124
180	449	124
181	441	123
181	441	123
182	449	123
182	449	123
183	449	123
181	437	122
181	437	122
181	441	122
181	441	122
182	441	122
182	441	122
182	449	122
181	437	121
181	425	120
176	457	133
175	457	132
175	457	132
179	453	125
179	453	125
180	453	125
179	453	124
179	453	124
179	453	124
182	453	124
182	457	124
178	457	123
178	457	122
179	457	121
180	421	120
180	421	119
179	413	118
179	409	118
179	401	117
179	409	117
150	421	125
153	421	125
153	421	125
153	421	125
150	421	124
151	421	124
152	421	124
150	421	123
150	421	123
151	421	123
151	433	135
152	433	135
156	425	135
157	425	135
151	433	135
153	437	135
153	437	135
157	437	135
163	433	135
158	437	135
164	433	135
158	437	135
164	433	135
150	433	134
155	425	134
157	425	134
151	433	134
156	425	134
163	433	134
164	433	134
158	437	134
164	433	134
164	433	134
151	433	133
155	425	133
151	433	133
152	433	133
152	433	133
153	433	133
152	437	133
163	433	133
159	437	133
164	433	133
159	437	133
153	433	132
157	425	132
158	437	132
162	433	132
164	433	132
158	437	132
159	437	132
164	433	132
151	433	131
156	425	131
151	433	131
155	425	131
157	425	131
152	437	131
153	433	131
158	437	131
163	433	131
164	433	131
158	441	131
164	433	131
157	425	130
151	433	130
157	425	130
154	433	130
158	437	130
158	441	130
161	437	130
163	433	130
164	433	130
159	437	130
155	425	129
150	433	129
154	433	129
156	425	129
151	433	129
154	425	129
158	425	129
154	437	129
161	425	129
158	437	129
160	437	129
158	437	129
159	437	129
161	437	129
164	433	129
151	433	128
151	433	128
157	425	128
155	437	128
155	437	128
159	437	128
158	437	128
161	437	128
158	437	128
162	437	128
164	433	128
151	433	127
153	433	127
152	433	127
155	437	127
156	437	127
158	437	127
158	437	127
159	437	127
162	437	127
150	433	126
151	433	126
152	433	126
157	425	126
158	425	126
154	433	126
156	437	126
158	437	126
159	437	126
161	437	126
150	433	125
150	433	125
156	425	125
150	433	125
156	425	125
151	433	125
157	425	125
158	425	125
158	425	125
153	437	125
159	425	125
159	425	125
154	437	125
160	425	125
155	437	125
161	425	125
155	437	125
157	437	125
157	437	125
163	433	125
158	437	125
163	433	125
158	437	125
164	433	125
165	433	125
159	437	125
164	433	125
165	433	125
159	441	125
164	437	125
164	437	125
166	433	125
161	441	125
167	433	125
161	441	125
168	433	125
162	441	125
168	433	125
162	441	125
168	437	125
163	441	125
164	441	125
169	437	125
164	441	125
169	437	125
164	441	125
170	437	125
165	441	125
166	441	125
170	437	125
167	441	125
167	449	125
168	449	125
172	441	125
169	449	125
173	441	125
169	449	125
170	449	125
170	449	125
171	449	125
171	449	125
172	449	125
173	449	125
173	449	125
174	449	125
174	449	125
153	425	124
150	433	124
156	425	124
150	433	124
156	425	124
150	433	124
155	425	124
156	425	124
151	433	124
157	425	124
151	433	124
153	433	124
158	425	124
152	433	124
152	437	124
153	437	124
154	437	124
154	437	124
155	433	124
161	425	124
155	437	124
161	425	124
155	437	124
156	437	124
157	437	124
163	433	124
158	437	124
164	433	124
159	437	124
164	433	124
165	433	124
159	441	124
160	441	124
166	433	124
159	441	124
166	433	124
160	441	124
161	441	124
166	433	124
167	433	124
160	441	124
161	441	124
167	433	124
162	441	124
168	433	124
162	441	124
168	433	124
163	441	124
169	437	124
163	441	124
169	437	124
164	441	124
169	437	124
165	441	124
169	437	124
165	441	124
167	441	124
171	437	124
167	441	124
171	437	124
167	441	124
170	441	124
172	437	124
168	449	124
169	449	124
172	437	124
169	449	124
173	441	124
170	449	124
174	441	124
170	449	124
172	441	124
174	441	124
171	449	124
173	441	124
174	441	124
171	449	124
173	441	124
172	449	124
173	449	124
173	449	124
174	449	124
174	449	124
150	433	123
150	433	123
151	433	123
150	433	123
151	433	123
151	433	123
157	425	123
151	433	123
157	425	123
152	433	123
157	425	123
159	425	123
153	437	123
159	425	123
158	433	123
156	437	123
157	437	123
159	437	123
158	437	123
159	441	123
164	433	123
159	441	123
160	441	123
164	441	123
164	441	123
173	441	123
150	425	122
151	425	122
151	433	122
151	433	122
154	433	122
153	433	122
152	433	122
158	425	122
160	425	122
160	425	122
160	425	122
157	437	122
159	437	122
158	437	122
161	437	122
164	433	122
159	437	122
163	433	122
165	433	122
150	433	121
150	433	121
151	433	121
151	433	121
153	433	121
152	433	121
154	433	121
154	433	121
157	425	121
155	433	121
154	437	121
155	437	121
155	437	121
159	437	121
164	433	121
164	433	121
162	437	121
151	433	120
152	433	120
154	437	120
154	437	120
158	437	120
163	433	120
158	437	120
164	433	120
160	437	120
151	433	119
152	433	119
152	437	119
152	433	119
153	437	119
153	437	119
153	437	119
153	437	119
154	437	119
154	437	119
158	437	119
158	437	119
158	437	119
164	433	119
159	437	119
164	433	119
159	437	119
161	437	119
165	433	119
151	433	118
151	433	118
152	433	118
153	437	118
157	433	118
159	425	118
154	437	118
156	433	118
157	433	118
159	425	118
154	437	118
156	433	118
160	425	118
155	437	118
157	433	118
154	437	118
158	433	118
159	433	118
155	437	118
158	433	118
160	433	118
155	437	118
159	433	118
160	433	118
156	437	118
158	433	118
159	433	118
156	437	118
158	437	118
157	437	118
158	437	118
158	437	118
164	433	118
159	437	118
164	433	118
160	437	118
157	425	117
152	433	117
152	437	117
153	437	117
153	437	117
154	437	117
157	433	117
158	433	117
159	437	117
158	437	117
159	437	117
163	433	117
164	433	117
159	437	117
161	437	117
165	433	117
160	437	117
151	433	116
155	425	116
157	425	116
151	433	116
152	433	116
158	425	116
152	437	116
155	433	116
158	425	116
153	437	116
154	437	116
154	437	116
155	433	116
162	425	116
164	433	116
158	437	116
159	441	116
164	433	116
165	433	116
160	437	116
155	425	115
151	433	115
157	425	115
151	433	115
154	433	115
156	425	115
158	425	115
151	433	115
152	433	115
158	425	115
153	437	115
153	437	115
154	437	115
159	437	115
158	437	115
158	437	115
162	433	115
158	437	115
159	437	115
161	437	115
163	433	115
165	433	115
159	437	115
159	437	115
162	437	115
165	433	115
161	437	115
151	433	114
157	425	114
152	433	114
154	433	114
158	425	114
158	425	114
160	425	114
155	437	114
155	437	114
161	437	114
159	437	114
163	433	114
164	433	114
159	441	114
164	433	114
165	433	114
156	425	113
158	425	113
151	433	113
157	425	113
158	425	113
152	433	113
158	425	113
159	425	113
159	425	113
159	425	113
159	425	113
160	425	113
156	437	113
159	433	113
156	437	113
159	437	113
159	437	113
164	433	113
158	437	113
164	433	113
158	437	113
159	441	113
164	433	113
159	437	113
163	433	113
164	433	113
159	437	113
165	433	113
151	433	112
151	433	112
156	425	112
158	425	112
151	433	112
158	425	112
152	433	112
159	425	112
159	425	112
159	425	112
157	437	112
158	437	112
158	437	112
164	433	112
159	441	112
165	433	112
159	441	112
165	433	112
164	433	112
156	425	111
151	433	111
151	433	111
156	425	111
158	425	111
158	425	111
152	437	111
159	425	111
158	437	111
158	437	111
164	433	111
159	441	111
165	433	111
159	441	111
165	433	111
145	437	126
146	437	126
148	437	126
149	437	126
143	425	125
145	425	125
148	433	125
148	433	125
142	441	125
148	433	125
142	437	125
143	437	125
144	437	125
149	433	125
145	437	125
149	433	125
143	425	124
143	425	124
144	425	124
144	425	124
144	425	124
144	425	124
144	425	124
145	425	124
146	425	124
146	425	124
147	425	124
138	441	124
147	433	124
148	433	124
139	441	124
148	433	124
149	433	124
149	433	124
149	433	124
149	433	124
149	433	124
144	425	123
145	425	123
145	425	123
147	433	123
147	433	123
149	425	120
140	413	133
139	413	132
139	413	131
138	413	130
137	409	128
141	421	125
142	421	125
142	421	125
147	421	125
148	421	125
137	417	124
139	417	124
141	417	124
139	421	124
142	417	124
139	421	124
142	417	124
140	421	124
141	421	124
140	421	124
141	421	124
144	417	124
142	421	124
144	421	124
145	417	124
143	421	124
144	421	124
146	417	124
145	421	124
147	421	124
146	421	124
147	421	124
148	421	124
147	421	124
148	421	124
147	421	124
149	421	124
149	421	124
133	413	124
134	413	124
134	417	124
135	417	124
136	417	124
136	417	124
138	417	123
138	417	123
139	417	123
138	417	123
140	417	123
138	417	123
140	417	123
139	421	123
140	417	123
142	417	123
139	421	123
142	417	123
140	421	123
143	417	123
140	421	123
143	417	123
144	417	123
144	417	123
146	417	123
147	417	123
148	421	123
148	421	123
149	421	123
149	421	123
132	413	123
133	413	123
132	413	123
132	413	123
133	413	123
133	413	123
135	413	123
135	417	123
136	417	123
136	417	123
136	417	123
137	417	122
133	409	122
133	413	122
134	413	122
132	401	122
132	409	122
132	409	122
133	409	122
133	409	122
132	401	121
133	401	121
132	401	121
149	417	120
149	421	120
147	421	150
147	421	150
149	421	150
139	417	149
138	421	149
141	417	149
138	421	149
142	417	149
139	421	149
142	417	149
139	421	149
143	417	149
140	421	149
143	417	149
140	421	149
140	421	149
145	417	149
145	421	149
146	421	149
146	421	149
148	421	149
148	421	149
149	421	149
134	417	149
136	417	149
136	417	149
138	417	148
139	417	148
140	417	148
138	421	148
138	421	148
140	417	148
142	417	148
139	421	148
142	417	148
139	421	148
143	417	148
139	421	148
143	417	148
140	421	148
144	417	148
140	421	148
144	417	148
141	421	148
145	417	148
146	417	148
147	421	148
147	421	148
148	417	148
147	421	148
149	421	148
149	421	148
149	421	148
149	421	148
131	413	148
131	413	148
131	413	148
132	417	148
132	417	148
133	417	148
133	417	148
133	417	148
134	417	148
136	417	148
135	417	148
137	417	148
135	417	148
137	417	148
135	417	148
136	417	148
137	421	148
137	421	148
138	417	147
138	417	147
139	417	147
140	417	147
143	417	147
144	417	147
144	417	147
144	417	147
145	417	147
148	421	147
131	413	147
131	413	147
132	413	147
132	413	147
131	413	147
133	413	147
132	413	147
133	413	147
132	417	147
134	413	147
133	417	147
134	413	147
133	417	147
135	413	147
134	417	147
135	413	147
134	417	147
135	413	147
134	417	147
136	413	147
134	417	147
137	417	147
143	417	146
142	417	145
143	417	145
142	417	144
143	417	144
142	417	143
143	417	143
142	417	142
143	417	142
141	417	141
142	417	141
142	417	141
142	417	140
143	417	140
143	417	140
141	421	140
141	417	139
141	417	139
141	417	138
141	417	138
141	417	136
140	413	135
140	413	134
149	433	150
148	433	149
148	433	149
149	433	149
141	425	148
143	425	148
143	425	148
146	433	148
148	433	148
146	437	148
148	433	148
147	433	148
149	433	148
149	433	148
149	433	148
141	437	147
144	437	147
146	437	147
138	437	146
140	433	146
139	437	146
141	437	146
139	437	146
141	437	146
141	437	146
143	437	146
137	441	146
139	437	145
138	437	145
138	437	145
134	441	145
134	441	145
136	441	145
135	441	145
136	441	145
139	437	144
131	441	144
132	441	144
139	437	143
139	437	143
139	437	142
141	433	141
140	433	141
150	433	160
152	433	160
156	425	160
150	433	160
158	433	160
155	437	160
157	437	160
157	437	160
163	433	160
163	433	160
150	433	159
156	425	159
157	425	159
156	437	159
163	433	159
156	437	159
158	437	159
162	433	159
163	433	159
150	433	158
152	433	158
156	425	158
156	437	158
157	437	158
157	437	158
163	433	158
156	425	157
151	433	157
156	425	157
157	437	157
157	437	157
158	437	157
150	433	156
152	433	156
157	425	156
158	425	156
155	437	156
156	437	156
156	437	156
156	437	156
163	433	156
158	437	156
162	433	156
164	433	156
163	433	156
150	433	155
152	433	155
153	433	155
150	433	155
153	433	155
155	433	155
159	425	155
154	437	155
154	437	155
155	437	155
155	437	155
157	437	155
163	433	155
157	437	155
161	433	155
150	433	154
153	433	154
156	425	154
157	425	154
159	425	154
157	437	154
158	437	154
158	437	154
164	433	154
150	433	153
151	433	153
153	425	153
154	425	153
153	433	153
154	433	153
157	437	153
158	441	153
160	437	153
161	437	153
163	433	153
150	433	152
150	433	152
153	437	152
157	437	152
158	437	152
161	437	152
151	433	151
156	425	151
157	425	151
157	437	151
158	441	151
164	433	151
159	437	151
168	437	151
169	437	151
163	441	151
169	437	151
169	437	151
165	441	151
168	449	151
168	449	151
170	449	151
174	441	151
172	449	151
172	449	151
173	449	151
174	449	151
155	425	150
150	433	150
150	433	150
155	425	150
151	437	150
157	425	150
152	437	150
153	437	150
159	425	150
154	437	150
160	425	150
154	437	150
160	425	150
155	437	150
155	437	150
156	437	150
157	437	150
161	433	150
163	433	150
157	441	150
161	433	150
163	433	150
159	441	150
165	433	150
159	441	150
163	437	150
165	433	150
159	441	150
162	437	150
164	437	150
166	433	150
167	433	150
161	441	150
167	433	150
161	441	150
167	433	150
162	441	150
168	437	150
162	441	150
163	441	150
164	441	150
169	437	150
164	441	150
170	437	150
165	441	150
170	437	150
166	449	150
170	437	150
167	449	150
171	437	150
167	449	150
171	441	150
169	449	150
169	449	150
173	441	150
169	449	150
173	441	150
171	449	150
174	441	150
171	449	150
173	449	150
172	449	150
173	449	150
173	449	150
174	449	150
174	449	150
154	425	149
150	433	149
154	425	149
151	433	149
151	433	149
157	425	149
158	425	149
152	437	149
158	425	149
153	437	149
159	425	149
160	425	149
160	425	149
156	437	149
157	437	149
162	433	149
163	433	149
158	441	149
164	433	149
158	441	149
164	433	149
165	433	149
160	441	149
166	433	149
160	441	149
161	441	149
162	441	149
168	437	149
162	441	149
168	437	149
163	441	149
168	437	149
163	441	149
169	437	149
169	437	149
165	441	149
165	441	149
166	441	149
167	449	149
171	437	149
168	449	149
168	449	149
170	441	149
170	449	149
174	441	149
170	449	149
174	441	149
173	449	149
152	425	148
150	433	148
155	425	148
156	425	148
150	433	148
155	425	148
156	425	148
151	433	148
155	425	148
152	437	148
152	437	148
154	437	148
154	437	148
157	437	148
163	433	148
158	437	148
159	437	148
159	441	148
170	449	148
154	425	147
156	425	147
155	425	147
157	425	147
150	433	147
157	425	147
151	433	147
156	425	147
153	433	147
154	433	147
161	433	147
157	437	147
161	437	147
163	433	147
158	437	147
160	437	147
164	433	147
169	449	147
169	449	147
155	425	146
157	425	146
150	433	146
151	433	146
155	437	146
158	437	146
158	437	146
164	433	146
159	437	146
164	433	146
170	449	146
170	449	146
153	425	145
155	425	145
154	425	145
156	425	145
157	425	145
159	425	145
158	437	145
161	433	145
158	437	145
161	437	145
162	433	145
164	433	145
161	437	145
169	449	145
169	449	145
171	449	145
156	425	144
151	433	144
157	425	144
157	425	144
159	425	144
154	437	144
155	437	144
157	437	144
162	433	144
159	437	144
163	433	144
169	449	144
170	449	144
170	449	144
157	425	143
150	433	143
152	433	143
157	425	143
158	425	143
159	425	143
155	437	143
156	437	143
158	437	143
163	433	143
158	437	143
163	433	143
150	433	142
156	425	142
151	433	142
153	433	142
158	425	142
158	425	142
158	425	142
157	437	142
157	437	142
157	437	142
158	437	142
159	437	142
171	449	142
171	449	142
151	433	141
156	425	141
152	433	141
157	425	141
157	437	141
157	437	141
158	437	141
173	449	141
150	433	140
156	425	140
157	425	140
156	437	140
158	437	140
158	437	140
158	441	140
164	433	140
174	441	140
173	449	140
150	433	139
156	425	139
151	433	139
153	433	139
156	425	139
151	433	139
158	425	139
159	425	139
156	437	139
157	437	139
157	437	139
158	437	139
164	433	139
158	437	139
162	433	139
164	433	139
163	433	139
174	441	139
174	449	139
151	433	138
153	433	138
152	433	138
158	425	138
156	433	138
159	425	138
155	437	138
164	433	138
157	437	138
162	433	138
153	433	137
156	425	137
150	433	137
152	433	137
154	433	137
160	425	137
154	437	137
160	425	137
155	437	137
164	433	137
158	437	137
158	437	137
164	433	137
158	437	137
161	437	137
158	437	137
164	433	137
150	433	136
154	425	136
155	425	136
157	425	136
151	433	136
154	433	136
158	425	136
155	433	136
159	437	136
151	421	150
150	421	149
150	421	149
152	421	149
152	421	149
153	421	149
155	421	149
151	421	148
151	421	148
177	453	151
177	453	151
179	453	151
179	453	151
180	453	151
184	453	151
184	453	151
184	453	151
184	457	151
176	453	150
176	453	150
178	453	150
179	453	150
179	453	150
181	453	150
181	453	150
180	453	150
181	453	150
185	453	150
187	453	150
187	453	150
187	453	150
184	457	150
188	453	150
186	457	150
187	457	150
184	453	149
184	457	149
187	457	149
175	449	151
175	449	151
175	441	150
175	441	150
175	441	150
176	441	150
177	441	150
176	449	150
177	449	150
175	449	150
178	449	150
176	449	150
178	449	150
178	449	150
179	449	150
178	449	150
180	449	150
180	449	150
176	441	149
177	441	149
180	449	149
186	441	148
186	441	148
187	441	148
186	437	147
175	441	139
154	425	185
155	425	185
155	425	185
156	437	185
156	437	185
162	433	185
157	437	185
163	433	185
154	425	184
156	425	184
156	425	184
152	433	184
152	433	184
152	433	184
154	433	184
158	425	184
153	433	184
157	437	184
150	433	183
154	425	183
155	425	183
150	433	183
150	437	183
152	433	183
154	437	183
161	433	183
162	433	183
156	437	183
162	433	183
156	437	183
162	433	183
157	441	183
158	437	183
162	433	183
157	437	183
163	433	183
151	437	182
162	433	182
156	437	182
162	433	182
157	437	182
163	433	182
157	437	182
163	433	182
158	437	182
150	433	181
154	425	181
155	425	181
150	433	181
154	425	181
155	425	181
150	433	181
162	433	181
156	437	181
158	437	181
158	437	181
155	425	180
151	433	180
153	433	180
160	433	180
160	433	180
157	437	180
161	433	180
162	433	180
157	437	180
159	437	180
163	433	180
150	433	179
156	425	179
156	437	179
156	437	179
160	433	179
153	437	178
159	433	178
157	437	178
158	437	178
155	425	177
150	433	177
155	425	177
154	437	177
156	437	177
156	437	177
157	437	177
160	437	177
156	425	176
151	433	176
156	425	176
156	425	176
157	425	176
157	425	176
153	437	176
155	437	176
161	433	176
157	437	176
161	433	176
165	441	176
170	437	176
167	449	176
167	449	176
171	441	176
167	449	176
171	441	176
168	449	176
168	449	176
173	449	176
174	449	176
155	425	175
150	433	175
155	425	175
150	433	175
157	425	175
152	437	175
158	425	175
153	437	175
154	437	175
155	437	175
155	437	175
162	433	175
156	437	175
162	433	175
157	437	175
162	433	175
157	437	175
162	433	175
164	433	175
163	433	175
164	433	175
158	441	175
161	437	175
162	437	175
164	433	175
159	441	175
162	437	175
164	433	175
159	441	175
162	437	175
164	433	175
160	441	175
166	433	175
160	441	175
166	433	175
161	441	175
167	437	175
161	441	175
162	441	175
167	437	175
163	441	175
163	441	175
163	441	175
164	441	175
164	441	175
169	437	175
164	441	175
167	441	175
169	437	175
164	441	175
168	441	175
169	437	175
166	441	175
170	437	175
166	441	175
170	437	175
166	449	175
170	441	175
168	449	175
168	449	175
169	449	175
171	441	175
169	449	175
171	441	175
169	449	175
172	441	175
170	449	175
171	449	175
170	449	175
172	449	175
170	449	175
174	449	175
174	449	175
154	425	174
155	425	174
153	425	174
151	437	174
151	437	174
151	437	174
158	425	174
152	437	174
159	425	174
154	437	174
159	425	174
153	437	174
154	437	174
156	433	174
154	437	174
161	433	174
155	437	174
161	433	174
156	437	174
162	433	174
156	437	174
163	433	174
158	441	174
164	433	174
158	441	174
158	441	174
165	433	174
165	433	174
160	441	174
165	433	174
160	441	174
166	433	174
162	441	174
162	441	174
168	437	174
168	437	174
164	441	174
168	437	174
164	441	174
169	437	174
164	441	174
169	437	174
165	441	174
165	441	174
165	441	174
167	449	174
171	437	174
168	449	174
171	441	174
168	449	174
171	441	174
172	441	174
172	441	174
172	441	174
173	441	174
173	441	174
150	433	173
150	433	173
152	433	173
150	433	173
157	425	173
157	425	173
158	425	173
155	437	173
156	437	173
157	437	173
163	433	173
157	437	173
163	433	173
158	441	173
150	425	172
150	433	172
153	425	172
151	433	172
156	425	172
158	425	172
158	425	172
158	433	172
161	433	172
150	433	171
152	433	171
155	425	171
156	425	171
154	437	171
154	437	171
157	437	171
163	433	171
157	441	171
160	437	171
163	433	171
158	437	171
163	433	171
151	433	170
153	425	170
154	425	170
156	425	170
156	425	170
153	437	170
153	437	170
159	425	170
154	437	170
159	433	170
159	437	170
163	433	170
160	437	170
150	433	169
150	433	169
152	433	169
154	425	169
155	425	169
152	433	169
152	437	169
153	437	169
156	437	169
157	437	169
163	433	169
157	437	169
153	425	168
154	425	168
156	425	168
157	425	168
161	433	168
163	433	168
158	437	168
159	437	168
163	433	168
150	433	167
150	433	167
154	425	167
155	425	167
150	433	167
162	433	167
157	437	167
163	433	167
157	437	167
159	437	167
150	433	166
150	433	166
151	433	166
163	433	166
157	437	166
163	433	166
158	437	166
154	425	165
150	433	165
155	425	165
156	425	165
155	425	165
152	433	165
153	433	165
157	437	165
162	433	165
157	437	165
158	437	165
150	433	164
155	425	164
150	433	164
156	425	164
151	433	164
151	433	164
156	433	164
161	433	164
157	437	164
159	437	164
161	433	164
163	433	164
158	441	164
159	437	164
163	433	164
156	425	163
156	425	163
154	433	163
157	437	163
160	433	163
150	433	162
155	425	162
150	433	162
156	425	162
150	433	162
157	437	162
157	437	162
161	437	162
163	433	162
158	441	162
163	433	162
152	433	161
156	425	161
153	433	161
156	425	161
157	425	161
158	425	161
159	425	161
154	437	161
158	437	161
162	433	161
175	449	176
175	449	176
175	449	175
175	449	175
177	449	175
177	449	175
177	449	175
177	449	175
180	449	175
180	449	175
181	449	175
176	449	174
176	449	174
180	441	174
176	449	174
180	441	174
178	449	174
180	437	173
180	437	173
179	441	173
179	441	173
180	437	172
179	425	171
179	425	171
177	453	176
177	453	176
178	453	176
183	453	175
178	453	174
176	457	174
177	457	173
177	457	173
179	457	173
176	457	172
176	457	172
177	457	172
149	433	182
149	433	182
149	433	180
149	433	178
149	433	178
149	433	177
149	433	176
143	425	175
145	433	175
145	433	175
148	433	175
141	425	174
142	425	174
142	425	174
142	425	174
143	425	174
144	425	174
144	425	174
145	425	174
145	425	174
147	433	174
147	433	174
147	433	174
149	433	174
149	433	174
149	433	174
143	425	173
143	425	173
143	425	173
144	425	173
146	433	173
146	433	173
148	433	173
149	433	172
149	433	163
149	421	175
138	421	174
138	421	174
141	417	174
141	417	174
140	421	174
143	417	174
140	421	174
143	417	174
145	417	174
145	421	174
145	421	174
145	421	174
147	421	174
148	421	174
148	421	174
149	421	174
134	417	174
134	417	174
135	417	174
137	417	173
138	417	173
138	417	173
139	417	173
140	417	173
137	421	173
139	417	173
140	417	173
139	421	173
141	417	173
139	421	173
142	417	173
139	421	173
143	417	173
140	421	173
144	417	173
141	421	173
144	417	173
141	421	173
146	421	173
146	421	173
146	421	173
147	421	173
148	421	173
149	421	173
149	421	173
133	417	173
134	417	173
135	417	173
135	417	173
135	417	173
136	417	173
136	417	173
137	417	173
139	417	172
131	409	172
131	413	172
131	413	172
132	413	172
132	413	172
132	413	172
133	413	172
131	417	172
133	417	172
134	417	172
135	417	172
137	417	172
127	417	171
127	417	171
126	421	171
126	421	171
128	421	171
128	421	171
129	417	171
130	417	171
125	417	170
125	417	170
125	421	170
125	421	170
127	417	170
130	401	170
130	401	170
130	401	170
132	401	170
131	401	170
132	401	170
131	409	170
131	409	170
131	401	169
131	401	169
131	401	169
130	409	164
130	397	170
131	397	170
130	397	169
130	381	168
129	377	167
129	377	167
123	421	170
122	421	170
123	421	170
124	421	170
121	421	169
124	421	169
123	421	168
153	433	209
155	425	209
154	425	208
154	425	207
154	425	207
156	437	207
154	425	205
154	425	204
156	437	202
160	433	202
154	433	201
155	425	200
154	425	199
155	425	199
160	433	199
160	433	199
155	425	198
156	437	198
156	437	198
154	425	197
153	433	197
157	425	197
161	433	197
154	425	196
155	425	196
155	425	196
157	425	196
160	433	196
150	433	195
155	425	195
156	425	195
156	437	195
156	437	195
160	433	195
154	425	194
155	425	194
155	425	194
155	425	194
161	433	194
161	433	194
156	437	193
157	437	193
155	425	192
150	433	192
156	437	192
156	437	192
156	437	192
161	433	192
162	433	192
150	433	191
155	425	191
150	433	191
151	433	191
155	425	191
156	425	191
156	425	191
157	425	191
157	437	191
161	433	191
155	425	190
150	433	190
151	433	190
155	425	190
158	425	190
158	425	190
154	437	190
154	437	190
156	437	190
162	433	190
152	433	189
157	425	189
153	437	189
153	437	189
154	437	189
156	437	189
162	433	189
157	437	189
155	425	188
150	433	188
155	425	188
158	425	188
159	425	188
156	437	187
162	433	187
157	437	187
162	433	187
155	433	235
155	433	235
155	433	235
154	433	234
155	433	234
154	433	233
154	433	233
154	433	232
153	433	231
154	433	231
155	433	230
155	433	230
155	433	230
154	433	229
154	433	229
154	433	229
154	433	228
154	433	228
153	433	227
155	433	227
153	433	226
157	433	226
154	433	225
153	433	225
154	433	225
153	433	225
155	433	225
156	433	225
153	433	222
154	433	222
157	433	222
154	433	221
156	433	221
155	437	220
157	433	220
156	433	220
158	433	220
154	425	219
155	425	219
157	433	219
154	425	218
158	433	218
156	433	218
155	433	217
155	433	217
155	433	217
155	437	217
155	437	217
156	437	217
158	433	217
155	433	216
155	433	216
154	425	215
154	425	215
155	425	215
155	433	215
158	433	215
159	433	215
155	437	213
155	437	213
154	433	212
159	433	212
154	425	211
154	433	211
154	433	240
152	437	240
154	433	240
152	437	240
153	433	239
154	433	239
154	433	239
152	437	239
154	425	238
154	433	237
154	433	237
154	433	237
154	433	237
154	433	237
155	437	237
155	433	236
154	437	236
154	437	236
s
110	97	100
110	97	100
111	105	100
111	105	100
111	105	100
111	105	100
111	105	100
111	113	100
111	113	100
111	113	100
112	113	100
112	113	101
112	117	101
112	121	101
112	121	101
112	121	101
112	121	101
112	121	101
102	105	125
102	105	125
102	105	125
102	105	125
103	117	125
103	117	125
103	117	125
104	121	125
103	121	125
111	121	149
111	121	149
119	13	8
120	13	8
124	9	9
122	13	8
120	13	8
123	13	9
122	13	9
124	13	9
122	13	9
123	13	8
124	65	8
122	73	8
124	73	8
122	73	8
124	73	8
123	73	8
124	73	8
124	73	8
124	73	8
104	9	100
104	13	100
104	13	100
104	13	100
104	13	100
104	17	100
105	21	100
105	21	100
105	25	99
106	37	100
106	37	99
106	37	99
107	41	100
107	41	100
107	49	99
147	1	95
147	1	96
148	13	96
96	33	125
108	57	100
148	13	95
96	33	124
108	61	100
97	37	125
108	65	99
149	21	95
97	37	125
108	65	100
149	21	95
108	73	100
149	25	95
149	25	95
149	33	95
149	33	95
98	53	125
109	81	100
109	81	100
109	81	100
109	89	100
150	41	95
150	41	95
104	13	149
104	13	149
104	13	149
110	97	100
151	53	95
99	65	125
151	53	95
99	65	125
151	53	95
99	73	124
151	57	95
100	77	124
151	61	95
100	77	125
105	33	148
105	33	148
105	33	149
105	33	148
100	81	125
105	33	148
100	81	125
105	33	148
100	81	125
105	37	149
100	81	125
152	73	95
153	73	95
153	73	95
106	57	148
107	61	148
107	61	148
107	61	148
107	61	148
107	61	149
108	77	148
108	77	148
108	77	148
109	89	148
109	89	148
s
155	97	95
155	97	95
154	101	95
154	101	95
155	101	96
155	105	96
155	105	95
155	105	96
155	105	95
155	113	95
155	113	96
155	113	96
155	113	96
156	113	96
156	117	96
156	117	96
156	117	96
157	133	96
157	133	96
158	141	96
158	145	97
158	145	97
158	145	97
158	145	97
158	153	97
159	153	97
159	153	97
159	157	97
159	161	97
160	161	97
160	169	97
160	169	97
160	169	97
164	121	122
164	129	121
161	177	98
161	181	98
161	181	98
161	185	98
162	185	98
162	185	98
162	197	98
167	157	122
163	201	99
163	201	99
163	209	99
164	217	100
168	173	123
164	217	99
164	217	100
164	221	100
168	177	123
170	209	124
171	213	125
171	217	125
171	217	125
162	201	152
163	217	153
154	89	95
154	89	95
154	89	95
154	93	95
154	93	95
154	93	95
154	93	95
s
146	305	29
146	301	29
147	301	29
146	301	30
146	301	30
147	301	31
147	301	32
145	301	33
145	301	34
145	301	34
149	313	29
147	313	30
147	317	29
149	313	31
148	313	30
147	317	29
147	317	29
147	313	31
147	317	30
148	313	32
147	317	31
148	317	30
146	313	33
147	317	31
148	317	31
147	313	34
147	317	33
147	313	35
147	317	33
147	313	35
149	313	34
148	317	33
147	313	36
148	317	34
148	317	33
147	313	36
148	317	35
149	317	34
148	313	37
147	317	36
149	317	34
148	313	37
147	317	37
149	313	38
148	313	40
148	313	40
154	313	37
148	313	40
153	313	37
148	313	41
155	305	38
152	317	37
152	317	37
153	317	38
153	317	37
158	313	38
153	317	38
151	317	40
153	317	38
156	317	37
153	317	41
153	317	39
153	321	38
156	317	37
158	317	37
154	313	41
153	317	40
153	321	38
154	317	41
154	321	39
157	317	38
154	317	41
154	321	39
157	317	38
154	317	42
154	321	41
158	317	39
153	317	42
154	321	41
156	317	39
152	321	42
153	321	42
170	289	105
170	293	105
170	293	106
170	297	105
124	289	110
124	289	110
124	289	110
125	297	110
125	301	111
125	301	111
125	301	111
125	305	111
125	305	111
126	317	112
117	293	134
126	321	112
126	321	113
127	321	113
118	297	135
118	301	135
118	301	135
127	329	113
118	305	135
118	313	136
119	313	136
119	317	136
119	321	137
120	329	137
120	329	137
120	329	137
120	329	137
124	297	158
121	337	138
124	297	158
121	337	138
125	313	160
125	321	161
126	321	161
126	321	161
126	329	161
126	329	161
126	329	161
126	329	162
126	333	162
126	333	162
126	333	162
127	337	162
127	341	163
169	281	105
169	281	104
119	225	105
120	237	106
120	237	106
120	237	106
121	249	106
122	253	107
112	225	129
122	253	107
112	225	129
112	237	130
122	261	108
122	265	108
113	241	130
113	241	130
123	277	109
123	277	108
114	253	131
114	253	131
123	281	109
124	281	109
124	281	109
119	221	153
119	221	153
119	225	153
115	265	132
115	265	132
119	233	153
116	273	132
119	233	153
116	277	133
116	277	133
116	277	132
119	237	153
120	237	154
116	277	133
116	281	133
120	253	155
121	257	155
121	257	155
122	265	156
122	273	156
122	277	157
123	281	157
116	177	103
116	181	103
117	185	103
107	177	126
118	201	104
118	209	104
118	213	104
118	213	104
109	185	127
109	193	127
109	193	127
119	217	105
119	217	105
119	221	105
109	197	128
110	209	128
110	209	128
111	213	128
111	213	128
111	221	129
115	181	150
116	181	150
116	193	151
117	197	151
117	201	151
117	201	151
118	213	152
118	221	152
s
62	221	102
62	221	102
63	225	102
65	249	101
66	249	101
66	253	101
66	253	101
66	257	101
67	257	101
69	273	101
69	277	101
69	277	101
70	281	101
58	193	103
58	197	103
58	197	103
59	197	103
59	201	103
59	201	103
61	213	103
54	161	106
55	173	105
55	173	105
56	177	104
56	177	105
57	181	104
57	181	104
57	181	104
57	185	104
45	133	27
45	133	27
45	133	27
45	133	27
45	137	27
45	137	27
45	133	28
45	133	28
45	137	27
45	137	27
45	137	27
45	133	29
45	133	28
45	137	28
45	137	28
45	137	27
46	137	27
46	137	27
45	133	29
45	133	29
45	137	29
45	137	28
46	137	28
46	137	28
46	137	27
47	137	27
47	137	27
45	133	30
45	133	30
45	137	29
45	137	29
45	137	29
46	137	28
46	137	28
46	137	28
47	137	27
45	133	30
45	133	30
45	137	29
45	137	29
46	137	29
46	137	29
47	137	28
47	137	28
45	133	31
45	133	30
45	137	30
45	137	30
46	137	29
46	137	29
46	137	29
47	137	29
45	133	31
45	133	31
45	137	31
45	137	30
46	137	30
46	137	30
46	137	29
47	137	29
45	133	32
45	133	32
45	137	31
45	137	31
46	137	31
46	137	30
46	137	30
47	137	30
47	137	29
45	133	32
45	137	32
45	137	32
46	137	31
46	137	31
46	137	31
47	137	30
47	137	30
45	133	33
45	133	33
45	137	32
45	137	32
46	137	32
46	137	31
47	137	31
47	137	31
45	133	33
45	137	33
45	137	33
46	137	32
46	137	32
46	137	32
47	137	31
47	137	31
45	133	34
45	133	34
45	137	33
45	137	33
46	137	33
46	137	33
47	137	32
47	137	32
45	133	35
45	133	34
45	137	34
46	137	34
46	137	34
46	137	33
47	137	33
47	137	33
47	137	32
45	133	35
45	133	35
45	137	35
46	137	34
46	137	34
46	137	34
47	137	33
47	137	33
45	133	36
45	137	35
45	137	35
46	137	35
46	137	34
46	137	34
47	137	34
48	137	33
45	133	36
45	133	36
45	137	36
46	137	35
46	137	35
46	137	35
47	137	34
47	137	34
45	133	37
45	137	36
45	137	36
46	137	36
46	137	35
47	137	35
47	137	35
47	137	34
45	133	37
45	133	37
45	137	37
46	137	36
46	137	36
46	137	36
47	137	35
47	137	35
45	133	38
45	137	37
45	137	37
46	137	37
46	137	36
47	137	36
47	137	36
48	137	35
45	133	38
45	137	38
46	137	37
46	137	37
46	137	37
47	137	36
47	137	36
45	133	39
45	133	38
45	137	38
46	137	38
46	137	37
46	137	37
47	137	37
47	137	37
45	133	39
45	137	39
45	137	38
46	137	38
46	137	38
46	137	37
47	137	37
48	137	37
45	133	40
45	137	39
46	137	39
46	137	39
46	137	38
47	137	38
47	137	38
45	133	40
45	133	40
46	137	40
46	137	39
46	137	39
47	137	39
47	137	38
48	137	38
45	133	41
45	137	40
46	137	40
46	137	40
46	137	39
47	137	39
47	137	39
48	137	38
45	133	41
45	133	41
45	137	41
46	137	40
46	137	40
46	137	40
47	137	39
48	137	39
45	133	42
45	137	41
46	137	41
46	137	41
46	137	40
47	137	40
47	137	40
48	137	39
45	133	42
46	137	42
46	137	41
46	137	41
46	137	41
47	137	40
47	137	40
45	133	43
45	137	42
46	137	42
46	137	42
46	137	41
47	137	41
47	137	41
48	137	40
45	133	43
46	137	43
46	137	42
46	137	42
46	137	42
47	137	41
47	137	41
45	133	44
45	133	44
46	137	43
46	137	43
46	137	42
47	137	42
47	137	42
48	137	41
45	133	44
45	137	44
46	137	44
46	137	43
46	137	43
47	137	43
47	137	42
48	137	42
45	133	45
46	137	44
46	137	44
46	137	44
47	137	43
47	137	43
48	137	43
45	133	46
45	137	45
46	137	45
46	137	45
46	137	44
47	137	44
47	137	44
48	137	43
45	133	46
46	137	46
46	137	45
46	137	45
47	137	45
47	137	44
48	137	44
46	137	47
46	137	46
46	137	46
46	137	46
47	137	45
47	137	45
48	137	45
46	133	48
45	137	47
46	137	47
46	137	46
46	137	46
47	137	46
48	137	45
45	133	48
46	137	48
46	137	47
46	137	47
47	137	46
47	137	46
48	137	46
45	133	49
46	137	48
46	137	48
46	137	48
47	137	47
47	137	47
47	137	47
48	137	46
45	133	49
46	137	49
46	137	48
46	137	48
47	137	48
47	137	47
48	137	47
46	133	50
46	137	49
46	137	49
47	137	49
47	137	48
47	137	48
48	137	48
46	133	51
46	137	50
46	137	50
46	137	49
47	137	49
47	137	49
48	137	48
46	133	51
46	137	51
46	137	50
47	137	50
47	137	50
47	137	49
48	137	49
45	133	52
46	137	52
46	137	51
46	137	51
47	137	51
47	137	50
48	137	50
46	137	53
46	137	52
46	137	52
47	137	51
47	137	51
48	137	51
48	137	50
46	133	54
46	137	53
46	137	53
47	137	52
47	137	52
48	137	52
48	137	51
46	133	55
46	137	54
46	137	54
46	137	53
47	137	53
47	137	53
48	137	52
46	133	55
46	137	55
46	137	54
47	137	54
47	137	53
48	137	53
48	137	53
46	137	56
46	137	55
46	137	55
47	137	54
47	137	54
48	137	54
46	133	57
46	137	56
46	137	56
47	137	55
47	137	55
47	137	55
48	137	54
46	133	57
46	137	57
46	137	56
47	137	56
47	137	56
48	137	55
48	137	55
46	133	58
46	137	58
46	137	57
46	137	57
47	137	56
47	137	56
48	137	56
46	133	59
46	137	58
46	137	58
47	137	57
47	137	57
48	137	57
48	137	56
46	137	59
46	137	59
46	137	58
47	137	58
48	137	58
48	137	57
46	137	60
46	137	59
47	137	59
47	137	58
48	137	58
48	137	58
46	133	61
46	137	60
46	137	60
47	137	59
47	137	59
48	137	59
48	137	58
46	133	61
46	137	61
47	137	60
47	137	60
48	137	60
48	137	59
46	137	62
46	137	61
47	137	61
47	137	61
48	137	60
48	137	60
46	133	63
46	137	62
46	137	62
47	137	62
47	137	61
48	137	61
48	137	61
46	137	63
46	137	63
47	137	63
47	137	62
48	137	62
48	137	61
46	137	64
46	137	63
47	137	63
47	137	63
48	137	62
48	137	62
46	133	65
46	137	64
47	137	64
47	137	63
47	137	63
48	137	63
49	137	62
46	137	65
46	137	65
47	137	64
47	137	64
48	137	64
48	137	63
46	137	66
46	137	65
47	137	65
47	137	64
48	137	64
48	137	64
46	137	66
47	137	66
47	137	65
47	137	65
48	137	65
49	137	64
46	133	67
46	137	67
47	137	66
47	137	66
47	137	66
48	137	65
49	137	65
46	133	68
46	137	67
47	137	67
47	137	66
48	137	66
48	137	66
49	137	65
46	133	68
46	137	68
47	137	67
47	137	67
48	137	67
48	137	66
49	137	66
46	133	69
46	137	69
47	137	68
47	137	68
48	137	67
48	137	67
46	133	70
46	137	69
47	137	69
47	137	68
48	137	68
48	137	68
46	133	70
46	137	70
47	137	69
47	137	69
48	137	69
48	137	68
46	133	71
46	137	71
47	137	70
47	137	70
48	137	69
48	137	69
46	137	71
47	137	71
47	137	70
48	137	70
48	137	69
46	137	72
47	137	71
47	137	71
48	137	70
48	137	70
49	137	70
46	137	73
47	137	72
47	137	71
48	137	71
48	137	71
49	137	70
46	137	73
47	137	73
47	137	72
48	137	72
48	137	71
49	137	71
46	133	74
47	137	73
47	137	73
48	137	72
48	137	72
49	137	71
46	137	74
47	137	74
47	137	73
48	137	73
48	137	72
49	137	72
46	137	75
47	137	74
47	137	74
48	137	73
48	137	73
47	133	76
47	137	75
47	137	74
48	137	74
48	137	74
46	133	76
47	137	76
47	137	75
48	137	75
48	137	74
47	133	77
47	137	76
47	137	76
48	137	76
48	137	75
46	137	78
47	137	77
47	137	77
48	137	76
48	137	76
47	137	79
47	137	78
47	137	77
48	137	77
49	137	77
47	137	79
47	137	78
48	137	78
48	137	77
47	137	79
47	137	79
48	137	78
48	137	78
47	137	80
47	137	80
48	137	79
49	137	79
47	137	81
47	137	80
48	137	80
48	137	79
47	137	81
47	137	81
48	137	80
49	137	80
29	133	96
47	137	82
47	137	81
48	137	81
49	137	81
29	133	96
47	137	83
47	137	82
48	137	82
48	137	81
45	97	104
48	113	95
47	137	83
47	137	83
48	137	82
48	137	82
31	133	96
47	137	84
47	137	83
48	137	83
48	137	83
47	137	85
47	137	84
48	137	84
48	137	83
49	137	83
47	137	85
47	137	85
48	137	84
48	137	84
49	137	83
47	137	85
48	137	85
48	137	85
49	137	84
47	137	86
48	137	86
48	137	85
49	137	85
35	133	97
47	137	87
48	137	87
48	137	86
49	137	86
36	133	97
47	137	88
48	137	87
48	137	87
49	137	86
36	133	97
46	105	105
47	137	89
48	137	88
48	137	88
49	137	87
37	133	97
38	133	97
47	137	89
47	137	89
48	137	88
49	137	88
38	133	97
47	137	90
47	137	90
48	137	89
49	137	89
39	133	98
39	133	97
49	121	96
47	137	91
47	137	90
48	137	90
48	137	89
49	137	89
39	133	98
39	133	97
47	137	91
48	137	90
48	137	90
49	137	89
40	133	97
47	137	92
48	137	91
48	137	91
49	137	90
41	133	98
41	133	97
49	121	97
47	137	92
48	137	92
48	137	91
49	137	91
42	133	98
49	129	96
47	137	93
48	137	92
48	137	92
49	137	92
42	137	98
47	137	94
48	137	93
48	137	93
49	137	92
48	117	106
43	133	98
44	133	98
47	137	95
48	137	94
48	137	93
49	137	93
44	133	98
44	133	98
47	137	95
48	137	95
48	137	94
49	137	94
51	133	94
44	133	98
45	133	98
47	137	96
48	137	95
49	137	95
49	137	94
51	133	95
45	133	99
46	133	98
46	133	98
47	137	96
48	137	96
48	137	95
49	137	95
47	133	98
47	137	97
48	137	97
48	137	96
49	137	96
50	133	96
48	137	98
48	137	97
49	137	97
49	137	96
51	133	96
47	137	99
48	137	98
49	137	97
49	137	97
50	133	97
51	133	96
54	137	94
47	137	100
48	137	99
48	137	98
49	137	98
50	133	98
51	137	97
52	133	97
47	137	101
48	137	100
48	137	99
49	137	99
51	137	97
52	133	98
48	137	101
48	137	100
49	137	100
49	137	99
51	137	97
48	137	102
48	137	101
49	137	100
49	137	100
51	137	97
47	137	102
48	137	102
48	137	101
49	137	101
51	137	97
47	137	103
48	137	102
48	137	102
49	137	101
52	137	97
48	137	103
48	137	103
49	137	102
49	137	102
52	141	97
48	137	104
48	137	103
49	137	103
49	137	102
52	141	97
47	137	105
48	137	104
49	137	104
49	137	103
50	133	103
46	137	106
48	137	105
48	137	105
49	137	104
50	137	104
50	137	103
47	137	107
48	137	106
48	137	106
49	137	105
49	137	105
50	137	104
48	137	107
48	137	107
49	137	106
49	137	106
50	137	105
50	137	104
48	137	109
48	137	108
49	137	107
49	137	107
50	137	106
48	137	109
48	137	108
49	137	108
50	137	108
24	137	127
24	137	127
25	137	126
48	137	110
48	137	109
49	137	109
49	137	108
50	137	108
23	137	128
24	137	128
25	137	127
25	137	127
26	137	126
27	137	126
48	137	111
49	137	110
49	137	109
23	137	128
24	137	127
25	137	128
25	137	127
26	137	126
27	137	126
28	137	126
48	137	112
48	137	111
49	137	110
50	137	110
51	137	107
24	137	128
25	137	127
26	137	127
26	137	126
27	137	126
28	137	126
29	137	125
48	137	112
49	137	112
49	137	111
51	141	107
24	137	129
25	137	128
26	137	127
27	137	127
28	137	127
28	137	126
29	137	126
30	137	125
30	137	125
48	137	113
49	137	113
49	137	112
26	137	128
27	137	128
28	137	127
29	137	127
29	137	126
30	137	126
31	137	126
32	137	125
32	137	125
33	137	124
34	137	124
49	137	114
49	137	113
28	137	128
29	137	127
30	137	127
33	137	125
34	137	125
34	137	124
35	137	124
36	137	123
36	137	123
49	137	114
35	137	124
36	137	124
37	137	123
38	137	123
38	137	122
39	137	122
49	137	116
52	145	107
38	137	123
39	137	123
39	137	122
40	137	122
41	137	121
42	137	121
49	137	116
49	137	116
40	137	122
41	137	122
42	137	121
43	137	121
44	137	121
44	137	120
47	137	118
48	137	117
49	137	117
43	137	122
44	137	121
45	137	120
45	137	120
46	137	120
47	137	119
48	137	119
47	137	120
53	153	106
53	153	106
53	157	106
53	157	106
53	157	106
38	37	100
38	49	100
39	49	101
39	49	101
39	49	101
39	49	101
40	57	101
42	73	102
42	73	102
42	73	102
42	77	102
44	81	103
44	81	103
44	93	104
45	93	104
s
91	437	99
91	437	99
92	441	99
93	449	99
94	457	99
94	457	99
95	441	164
96	441	164
98	441	165
122	353	140
122	353	140
122	353	140
122	357	140
122	357	140
123	361	141
123	369	141
123	369	141
123	369	141
124	373	142
124	377	142
124	377	143
125	397	145
125	397	145
125	397	145
126	397	144
126	397	145
152	293	34
152	293	34
152	297	34
151	297	35
156	293	35
151	297	36
156	293	35
151	297	36
156	293	34
151	297	37
152	297	38
154	297	34
156	297	34
155	297	35
157	297	35
155	297	36
126	381	33
120	421	35
120	421	35
122	421	34
120	421	34
120	421	34
122	421	33
122	421	33
120	421	33
122	421	32
120	421	32
119	425	37
119	425	36
119	425	36
119	425	35
119	425	34
119	425	33
119	425	32
124	449	143
106	425	142
100	425	141
102	425	141
103	425	141
104	425	141
106	425	141
122	453	143
117	453	142
119	453	142
120	453	142
112	457	141
114	457	141
115	457	141
115	457	141
117	453	141
110	457	140
110	457	140
112	457	140
113	457	140
121	413	145
120	417	145
122	413	145
120	417	145
122	413	145
121	417	145
122	417	145
121	417	145
123	417	145
122	417	145
124	417	145
124	417	145
115	417	144
117	417	144
118	417	144
119	417	144
119	417	144
112	421	143
112	421	143
114	421	143
116	417	143
118	417	143
108	421	142
108	421	142
109	421	142
110	421	142
119	417	142
123	409	141
120	417	141
120	417	141
121	413	140
123	413	138
122	413	138
124	413	137
129	413	148
129	413	148
130	413	148
127	413	147
128	413	147
129	413	147
129	413	147
130	413	147
130	413	147
130	413	147
126	401	147
126	409	147
126	413	146
125	413	146
128	413	146
126	413	146
129	413	146
130	413	146
125	409	146
126	409	146
127	409	146
126	409	146
126	409	146
125	413	145
125	401	145
125	401	145
126	401	145
125	409	145
126	401	145
127	401	145
126	409	138
125	409	137
129	449	144
129	449	144
126	449	143
128	449	143
95	433	140
96	433	140
97	433	140
98	433	140
99	433	140
90	437	139
91	437	139
91	437	139
92	437	139
94	433	139
87	437	138
87	437	138
88	437	138
90	437	138
112	425	168
114	425	168
106	433	167
108	433	167
108	433	167
110	433	167
102	437	166
104	437	166
106	433	166
100	437	165
s
90	425	99
90	425	99
90	425	99
90	433	99
80	369	28
80	369	28
80	369	29
80	369	28
80	373	28
80	373	28
80	369	29
80	369	29
80	373	29
80	373	29
80	373	28
81	373	28
81	373	28
80	369	30
80	369	30
80	373	29
80	373	29
80	373	29
81	373	29
81	373	28
82	373	28
80	369	31
80	369	31
80	373	30
80	373	30
80	373	30
80	373	29
81	373	29
81	373	29
82	373	28
80	369	32
80	373	31
80	373	31
80	373	31
80	373	30
81	373	30
81	373	30
82	373	29
80	369	32
80	369	32
80	373	32
80	373	31
80	373	31
81	373	31
81	373	30
81	373	30
82	373	30
80	369	33
80	373	33
80	373	32
80	373	32
80	373	32
81	373	31
81	373	31
82	373	31
79	369	34
80	369	34
80	373	33
80	373	33
80	373	33
80	373	32
81	373	32
81	373	32
82	373	31
80	369	35
80	369	34
80	373	34
80	373	34
80	373	33
81	373	33
81	373	33
81	373	32
82	373	32
80	369	35
80	373	35
80	373	35
80	373	34
80	373	34
81	373	34
81	373	33
82	373	33
80	369	36
80	373	36
80	373	35
80	373	35
80	373	35
81	373	34
81	373	34
82	373	34
80	369	37
80	369	37
80	373	36
80	373	36
80	373	36
81	373	35
81	373	35
82	373	35
82	373	35
79	369	38
80	369	38
80	373	37
80	373	37
80	373	37
81	373	36
81	373	36
82	373	36
82	373	35
80	369	39
80	369	38
80	373	38
80	373	38
80	373	37
81	373	37
81	373	37
82	373	36
79	369	39
80	373	39
80	373	39
80	373	38
80	373	38
81	373	38
81	373	37
82	373	37
80	369	40
80	369	40
80	373	40
80	373	39
80	373	39
81	373	39
81	373	38
82	373	38
80	369	41
80	369	41
80	373	40
80	373	40
80	373	40
81	373	39
81	373	39
82	373	39
80	369	42
80	373	41
80	373	41
80	373	41
81	373	40
81	373	40
81	373	40
82	373	39
79	369	43
80	369	42
80	373	42
80	373	42
80	373	41
81	373	41
81	373	41
82	373	40
79	369	44
80	369	43
80	373	43
80	373	42
80	373	42
81	373	42
81	373	41
82	373	41
79	369	44
80	373	44
80	373	43
80	373	43
80	373	43
81	373	42
81	373	42
82	373	42
79	369	45
80	369	44
80	373	44
80	373	44
80	373	43
81	373	43
81	373	43
82	373	42
79	369	45
80	373	45
80	373	45
80	373	44
80	373	44
81	373	44
81	373	43
82	373	43
79	369	46
80	373	46
80	373	45
80	373	45
80	373	45
81	373	44
81	373	44
82	373	44
79	369	47
80	369	47
80	373	46
80	373	46
80	373	45
81	373	45
81	373	45
82	373	44
79	369	48
80	373	47
80	373	47
80	373	47
80	373	46
81	373	46
81	373	46
82	373	45
79	369	49
80	373	48
80	373	48
80	373	47
80	373	47
81	373	47
81	373	46
82	373	46
79	369	49
80	373	49
80	373	49
80	373	48
80	373	48
81	373	47
81	373	47
82	373	47
79	369	50
80	373	49
80	373	49
80	373	49
81	373	48
81	373	48
82	373	48
79	369	51
80	373	50
80	373	50
80	373	49
81	373	49
81	373	49
82	373	48
79	369	52
80	373	51
80	373	51
80	373	50
80	373	50
81	373	50
81	373	49
82	373	49
79	369	52
80	373	52
80	373	51
80	373	51
81	373	50
81	373	50
82	373	50
79	369	53
80	373	52
80	373	52
80	373	52
80	373	51
81	373	51
81	373	51
82	373	50
80	369	53
80	373	53
80	373	53
80	373	52
81	373	52
81	373	51
82	373	51
79	369	54
80	373	54
80	373	53
80	373	53
81	373	53
81	373	52
82	373	52
79	369	55
80	373	55
80	373	54
80	373	54
81	373	54
81	373	53
82	373	53
79	369	56
80	369	56
80	373	55
80	373	55
80	373	54
81	373	54
82	373	54
82	373	53
79	369	56
80	373	56
80	373	56
80	373	55
81	373	55
81	373	54
82	373	54
79	369	57
80	373	57
80	373	56
80	373	56
81	373	56
81	373	55
82	373	55
80	369	58
80	373	57
80	373	57
80	373	56
81	373	56
81	373	56
83	369	56
79	369	59
79	373	58
80	373	58
80	373	57
81	373	57
81	373	57
82	373	56
79	373	59
80	373	59
80	373	58
80	373	58
81	373	58
81	373	57
84	369	58
79	369	60
80	373	60
80	373	59
80	373	59
81	373	59
81	373	58
82	373	58
86	361	59
79	369	61
79	373	61
80	373	60
80	373	60
81	373	60
81	373	59
82	373	59
86	361	60
79	369	62
80	373	62
80	373	61
80	373	61
81	373	60
81	373	60
82	373	60
86	361	61
79	369	63
80	373	62
80	373	62
80	373	61
81	373	61
81	373	60
82	373	60
86	361	61
80	369	63
80	373	63
80	373	62
81	373	62
81	373	61
82	373	61
86	361	62
79	369	64
80	373	64
80	373	63
80	373	63
81	373	62
81	373	62
82	373	62
86	361	62
79	369	65
80	373	64
80	373	64
80	373	63
81	373	63
81	373	63
82	373	62
79	369	65
80	373	65
80	373	64
80	373	64
81	373	64
82	373	63
86	361	64
80	369	66
80	373	66
80	373	65
81	373	65
81	373	64
82	373	64
86	361	65
80	369	67
80	373	67
80	373	66
81	373	66
81	373	65
82	373	65
86	361	65
80	369	68
80	373	67
80	373	67
81	373	66
81	373	66
82	373	66
86	361	66
80	373	68
80	373	68
80	373	67
81	373	67
82	373	67
86	361	67
80	369	69
80	373	69
80	373	68
81	373	68
81	373	67
82	373	67
86	369	67
80	369	70
80	373	69
80	373	69
81	373	68
81	373	68
80	373	70
80	373	70
81	373	70
81	373	69
82	373	69
85	369	69
80	369	72
80	373	71
80	373	71
81	373	70
81	373	70
82	373	69
85	369	69
80	369	72
80	373	72
80	373	71
81	373	71
82	373	71
85	369	70
80	373	73
80	373	72
80	373	72
81	373	71
82	373	71
80	373	73
80	373	73
81	373	73
81	373	72
82	373	72
85	369	72
80	369	75
80	373	74
80	373	74
81	373	73
81	373	73
82	373	72
85	369	72
80	369	75
80	373	75
80	373	74
81	373	74
81	373	73
85	369	73
80	369	76
80	373	75
80	373	75
81	373	75
81	373	74
85	369	74
80	369	77
80	373	76
80	373	76
81	373	75
82	373	75
80	369	77
80	373	77
81	373	76
81	373	76
82	373	76
80	373	78
80	373	78
81	373	77
81	373	77
82	373	76
85	369	76
80	373	79
80	373	78
81	373	78
81	373	77
82	373	77
85	369	77
79	369	80
80	373	79
80	373	79
81	373	78
81	373	78
85	369	77
79	369	80
80	373	80
80	373	79
81	373	79
82	373	79
85	369	78
80	369	81
80	373	80
80	373	80
81	373	80
82	373	79
80	369	82
80	373	81
80	373	81
81	373	80
82	373	80
80	373	82
80	373	82
80	373	81
81	373	81
82	373	80
80	369	83
80	373	82
80	373	82
81	373	81
82	373	81
80	369	84
80	373	83
80	373	83
81	373	82
82	373	82
79	369	85
80	373	84
80	373	83
81	373	83
82	373	83
85	369	82
79	369	85
80	373	85
80	373	84
81	373	84
81	373	83
85	369	82
80	373	85
80	373	85
81	373	84
81	373	84
85	369	83
80	373	86
80	373	86
81	373	85
81	373	85
85	369	84
80	373	87
80	373	87
81	373	86
81	373	86
80	373	88
80	373	87
81	373	87
81	373	87
82	373	86
80	369	89
80	373	88
80	373	88
81	373	87
82	373	87
85	369	86
76	369	92
80	369	90
80	373	89
80	373	88
81	373	88
82	373	88
85	369	87
77	369	93
80	369	90
80	373	90
80	373	89
81	373	89
82	373	88
85	369	87
77	369	93
78	369	93
78	369	92
80	373	90
80	373	90
81	373	89
81	373	89
85	369	88
80	353	101
78	369	93
79	369	93
80	373	91
80	373	90
81	373	90
81	373	90
85	369	89
80	353	101
79	369	93
79	369	93
80	369	92
80	373	91
81	373	91
81	373	90
82	373	90
85	369	89
80	353	101
79	369	93
80	369	93
80	373	92
81	373	91
81	373	91
82	369	91
83	373	89
85	369	90
80	357	101
80	369	93
80	373	93
80	373	92
81	373	92
82	373	91
84	369	91
85	369	90
80	357	101
80	369	94
80	373	94
80	373	93
81	373	93
82	369	93
83	369	93
83	373	91
85	369	91
81	357	101
80	373	95
80	373	94
81	373	94
82	373	93
83	369	93
84	369	93
84	369	92
85	369	92
80	373	96
80	373	95
81	373	94
82	373	94
84	369	93
84	369	92
80	373	97
80	373	96
81	373	95
81	373	95
84	373	92
84	373	91
80	373	97
80	373	97
80	373	96
81	373	96
82	373	95
84	373	92
80	373	98
80	373	97
81	373	97
82	373	96
84	373	92
80	373	99
80	373	98
81	373	98
82	373	97
79	373	101
79	369	100
80	373	100
80	373	99
81	373	98
82	373	98
82	373	98
80	369	101
80	373	100
81	373	99
81	373	99
82	373	99
83	373	98
80	369	102
80	373	101
80	373	100
81	373	100
82	373	100
83	373	99
80	373	102
80	373	101
81	373	101
82	373	101
83	373	100
80	373	103
80	373	102
81	373	102
82	373	101
83	373	101
80	373	104
80	373	103
81	373	103
82	373	102
83	373	101
80	373	105
80	373	104
81	373	103
82	373	103
83	373	101
80	373	105
81	373	104
82	373	104
83	373	101
80	373	106
81	373	105
82	373	105
80	373	107
81	373	106
82	373	106
80	373	107
81	373	106
80	373	108
81	373	107
80	373	109
81	373	108
80	373	110
80	373	109
79	369	111
80	373	110
81	373	110
79	373	112
80	373	111
80	373	111
79	373	113
79	373	112
80	373	112
78	373	114
79	373	113
80	373	113
84	385	101
77	373	116
78	373	115
79	373	114
79	373	114
75	373	118
75	373	117
76	373	117
77	373	116
78	373	116
78	373	115
74	373	119
75	373	118
76	373	118
77	373	117
77	373	117
75	373	119
86	397	100
70	453	135
71	453	135
72	449	135
73	449	135
74	449	135
74	449	136
59	373	123
58	373	124
59	373	123
60	373	123
60	373	122
59	373	124
59	373	123
60	373	123
60	373	122
61	373	122
59	373	124
59	373	123
60	373	123
61	373	123
61	373	122
62	373	122
63	373	122
59	373	124
59	373	124
60	373	123
61	373	123
61	373	122
62	373	122
63	373	122
60	373	124
60	373	124
61	373	123
62	373	123
62	373	122
63	373	122
64	373	122
60	373	124
61	373	124
62	373	123
63	373	123
63	373	123
64	373	122
65	373	122
65	373	122
62	373	124
63	373	124
64	373	123
64	373	123
65	373	122
66	373	122
66	373	122
67	373	121
63	373	124
64	373	124
64	373	123
67	373	122
67	373	122
68	373	121
69	373	121
65	373	124
68	373	122
69	373	121
70	373	121
70	373	120
69	373	122
70	373	121
71	373	121
71	373	120
72	373	120
73	373	119
74	373	119
74	373	118
71	373	121
72	373	121
73	373	120
73	373	120
74	373	119
75	317	101
75	317	100
75	321	100
75	321	100
79	341	91
79	341	91
79	341	91
78	337	101
79	341	101
35	21	99
35	21	99
35	21	99
35	21	99
36	25	99
85	437	138
86	441	138
80	441	137
81	441	137
81	441	137
82	441	137
83	441	137
84	441	137
84	441	137
75	449	136
76	449	136
77	449	136
77	449	136
78	449	136
79	449	136
79	441	136
s
158	301	39
159	297	40
156	305	38
159	297	40
156	305	38
159	305	37
156	305	39
159	305	38
156	305	40
157	305	39
159	305	38
163	301	37
156	305	40
158	305	40
159	305	39
163	301	38
156	305	42
158	305	41
160	305	39
156	305	42
158	305	42
163	301	39
165	301	38
156	305	43
158	305	42
163	301	40
164	301	39
158	305	43
165	301	39
164	305	38
161	313	37
158	305	44
160	305	42
164	301	40
164	305	39
168	301	37
158	305	44
160	305	43
164	305	41
164	305	39
166	305	38
163	305	40
165	305	40
165	305	38
167	305	38
164	305	41
165	305	41
156	321	39
167	305	39
164	313	37
164	301	44
164	305	42
167	301	41
156	321	40
155	321	39
167	305	39
164	313	38
165	313	37
164	301	45
153	321	43
166	301	43
164	305	43
166	301	42
157	321	41
155	321	40
169	301	40
156	329	39
164	313	38
165	313	38
164	317	37
164	301	45
153	321	44
164	305	43
162	313	42
170	297	42
155	321	40
156	329	39
165	313	39
165	313	38
165	317	38
170	305	37
152	321	45
153	321	44
164	305	44
162	313	43
155	321	41
156	329	40
165	313	40
165	313	39
164	317	38
158	329	37
170	313	37
153	321	46
164	305	45
162	313	44
155	321	42
169	301	42
156	321	41
165	313	40
166	313	40
170	305	39
160	321	37
170	313	37
153	321	46
165	305	45
162	313	44
157	321	43
155	329	41
165	313	41
166	313	40
161	321	38
153	321	47
165	305	46
162	313	45
166	305	44
168	305	43
164	313	42
166	313	41
161	321	39
158	329	38
164	305	47
168	305	44
165	313	43
166	313	42
162	321	40
168	305	44
158	321	43
167	313	43
163	321	40
165	321	37
168	305	45
165	313	44
167	313	43
164	317	41
159	329	40
166	321	38
168	305	46
167	313	44
165	317	42
159	329	41
161	329	39
168	305	46
171	305	43
168	305	47
171	305	43
163	321	43
171	313	42
171	313	44
170	313	43
164	321	44
171	313	44
168	321	39
171	305	46
171	313	44
171	305	46
171	313	45
164	321	46
174	321	37
160	329	46
171	301	106
171	301	106
171	305	107
171	305	107
172	305	107
172	313	107
172	313	107
172	313	107
172	313	107
172	317	107
172	317	108
172	321	108
172	321	108
165	233	101
165	237	101
166	241	101
166	241	101
166	241	101
166	249	101
167	249	101
167	257	102
168	265	102
168	265	103
168	265	103
168	265	103
168	273	103
169	273	103
169	273	104
169	273	104
169	277	103
172	233	126
169	277	104
172	233	126
172	237	126
169	277	104
173	241	127
173	253	127
174	257	128
174	257	128
174	261	128
166	257	156
168	277	157
s
72	293	101
72	293	101
72	293	101
72	297	101
72	297	100
s
12	133	95
14	133	95
14	133	95
15	133	95
16	133	95
17	133	95
18	133	95
18	133	95
19	133	95
21	133	95
1	133	93
2	133	93
4	133	93
4	133	94
4	133	93
5	133	94
7	133	94
8	133	94
9	133	94
9	133	94
10	133	94
11	133	94
34	9	98
34	13	99
34	13	99
34	13	99
34	13	99
34	13	99
s
